id,URL:,НАЗВАНИЕ:,ПУТЬ:,О ТОВАРЕ,ССЫЛКИ НА ФОТОГРАФИИ ТОВАРА:,РАЗМЕРЫ В НАЛИЧИИ:,ЦЕНА:,СТАТИСТИКА:
1,https://www.lamoda.ru/p/la038amcmsk5/shoes-lacoste-kedy/,   Lacoste  Кеды ESPARRE WINTER C 318 3 ,Главная -> Мужчинам -> Обувь -> Кроссовки и кеды -> Кеды -> Высокие кеды,   Материал верха:    натуральная кожа       Внутренний материал:    байка       Материал подошвы:    резина       Материал стельки:    текстиль       Сезон:    зима       Цвет:    черный       Страна производства:    Таиланд       Застежка:    шнурки     Артикул LA038AMCMSK5  Подробнее ,"https://a.lmcdn.ru/product/L/A/LA038AMCMSK5_7106289_1_v1.jpg
https://a.lmcdn.ru/product/L/A/LA038AMCMSK5_7106290_2_v1.jpg
https://a.lmcdn.ru/product/L/A/LA038AMCMSK5_7106291_3_v1.jpg
https://a.lmcdn.ru/product/L/A/LA038AMCMSK5_7106292_4_v1.jpg
https://a.lmcdn.ru/product/L/A/LA038AMCMSK5_7113673_9_v1.jpg
","40 RUS
40,5 RUS
41,5 RUS
42 RUS
42,5 RUS
43,5 RUS
44 RUS
44,5 RUS
45,5 RUS
7 UK
7,5 UK
8 UK
8,5 UK
9 UK
9,5 UK
10 UK
10,5 UK
11 UK
", 8 590 руб. ,2 человека купили этот товар сегодня
2,https://www.lamoda.ru/p/pa050amcnbg1/shoes-patrol-dutiki/,   Patrol  Дутики  ,Главная -> Мужчинам -> Обувь -> Сапоги -> Дутики и луноходы,"   Материал верха:    искусственная кожа, текстиль       Внутренний материал:    шерсть       Материал подошвы:    резина       Материал стельки:    шерсть       Высота голенища / задника:    14  см     Сезон:    демисезон       Цвет:    черный       Страна производства:    Китай       Застежка:    липучки     Артикул PA050AMCNBG1  Подробнее ","https://a.lmcdn.ru/product/P/A/PA050AMCNBG1_7331053_1_v1.jpg
https://a.lmcdn.ru/product/P/A/PA050AMCNBG1_7331054_2_v1.jpg
https://a.lmcdn.ru/product/P/A/PA050AMCNBG1_7331055_3_v1.jpg
https://a.lmcdn.ru/product/P/A/PA050AMCNBG1_7331056_4_v1.jpg
https://a.lmcdn.ru/product/P/A/PA050AMCNBG1_7343591_9_v1.jpg
","40 RUS
41 RUS
42 RUS
43 RUS
44 RUS
45 RUS
", 1 970 руб. ,12 человек купили этот товар сегодня
3,https://www.lamoda.ru/p/mp002xm0ygu3/shoes-alessionesca-slipony/,   Alessio Nesca  Слипоны  ,Главная -> Мужчинам -> Обувь -> Слипоны,   Материал верха:    натуральная кожа       Внутренний материал:    натуральная кожа       Материал подошвы:    полиуретан       Материал стельки:    натуральная кожа       Сезон:    лето       Цвет:    черный       Гарантийный период:    30 дней       Страна производства:    Китай       Застежка:    шнурки     Артикул MP002XM0YGU3  Подробнее ,"https://a.lmcdn.ru/product/M/P/MP002XM0YGU3_6403788_1_v3.jpg
","40 RUS
42 RUS
43 RUS
44 RUS
45 RUS
", 2 499 руб. ,4 человека купили этот товар на этой неделе
4,https://www.lamoda.ru/p/mu454amdagq8/shoes-mustang-kedy/,   Mustang  Кеды  ,Главная -> Мужчинам -> Обувь -> Кроссовки и кеды -> Кеды -> Низкие кеды,   Материал верха:    искусственная кожа       Внутренний материал:    текстиль       Материал подошвы:    резина       Материал стельки:    текстиль       Сезон:    демисезон       Цвет:    коричневый       Цвет фурнитуры:    бронзовый       Страна производства:    Китай       Застежка:    шнурки     Артикул MU454AMDAGQ8  Подробнее ,"https://a.lmcdn.ru/product/M/U/MU454AMDAGQ8_7522664_1_v1.jpg
https://a.lmcdn.ru/product/M/U/MU454AMDAGQ8_7522665_2_v1.jpg
https://a.lmcdn.ru/product/M/U/MU454AMDAGQ8_7522666_3_v1.jpg
https://a.lmcdn.ru/product/M/U/MU454AMDAGQ8_7522667_4_v1.jpg
https://a.lmcdn.ru/product/M/U/MU454AMDAGQ8_7533499_9_v1.jpg
","40 RUS
41 EUR
",2 634 руб.,7 человек купили этот товар сегодня
5,https://www.lamoda.ru/p/mp002xm2428g/shoes-timejump-krossovki/,   TimeJump  Кроссовки  ,Главная -> Мужчинам -> Обувь -> Кроссовки и кеды -> Кроссовки -> Низкие кроссовки,   Материал верха:    текстиль       Внутренний материал:    текстиль       Материал подошвы:    кожволон       Материал стельки:    текстиль       Сезон:    демисезон       Цвет:    черный       Гарантийный период:    90 дней       Страна производства:    Китай       Застежка:    шнурки     Артикул MP002XM2428G  Подробнее ,"https://a.lmcdn.ru/product/M/P/MP002XM2428G_7797458_1_v1.jpg
https://a.lmcdn.ru/product/M/P/MP002XM2428G_7797459_2_v1.jpg
https://a.lmcdn.ru/product/M/P/MP002XM2428G_7797460_3_v1.jpg
https://a.lmcdn.ru/product/M/P/MP002XM2428G_7797461_4_v1.jpg
https://a.lmcdn.ru/product/M/P/MP002XM2428G_7797462_5_v1.jpg
https://a.lmcdn.ru/product/M/P/MP002XM2428G_7813665_9_v1.jpg
","42 RUS
43 RUS
44 RUS
45 RUS
", 799 руб. ,6 человек купили этот товар сегодня
6,https://www.lamoda.ru/p/mp002xm23q6h/shoes-briotti-botinki/,   Briotti  Ботинки  ,Главная -> Мужчинам -> Обувь -> Ботинки -> Высокие ботинки,"   Материал верха:    натуральная кожа       Внутренний материал:    натуральный мех       Материал подошвы:    искусственный материал       Материал стельки:    натуральный мех       Сезон:    зима       Цвет:    черный       Гарантийный период:    90 дней       Страна производства:    Россия       Застежка:    шнурки, молния     Артикул MP002XM23Q6H  Подробнее ","https://a.lmcdn.ru/product/M/P/MP002XM23Q6H_6873561_1_v1.jpg
https://a.lmcdn.ru/product/M/P/MP002XM23Q6H_6873562_2_v1.jpg
https://a.lmcdn.ru/product/M/P/MP002XM23Q6H_6873563_3_v1.jpg
https://a.lmcdn.ru/product/M/P/MP002XM23Q6H_6873564_4_v1.jpg
https://a.lmcdn.ru/product/M/P/MP002XM23Q6H_6873366_9_v1.jpg
","40 RUS
41 RUS
42 RUS
43 RUS
44 RUS
45 RUS
", 2 999 руб. ,2 человека купили этот товар сегодня
7,https://www.lamoda.ru/p/hu286amecye3/shoes-hugohugoboss-botinki/,   Hugo Hugo Boss  Ботинки  ,Главная -> Мужчинам -> Premium -> Обувь -> Ботинки -> Низкие ботинки,   Материал верха:    натуральная кожа       Внутренний материал:    текстиль       Материал подошвы:    искусственный материал       Материал стельки:    натуральная кожа       Сезон:    мульти       Цвет:    черный       Страна производства:    Португалия       Застежка:    липучки     Артикул HU286AMECYE3  Подробнее ,"https://a.lmcdn.ru/product/H/U/HU286AMECYE3_7960905_1_v1.jpg
https://a.lmcdn.ru/product/H/U/HU286AMECYE3_7960906_2_v1.jpg
https://a.lmcdn.ru/product/H/U/HU286AMECYE3_7960907_3_v1.jpg
https://a.lmcdn.ru/product/H/U/HU286AMECYE3_7960908_4_v1.jpg
https://a.lmcdn.ru/product/H/U/HU286AMECYE3_7962403_9_v1.jpg
","40 RUS
41 RUS
42 RUS
43 RUS
44 RUS
45 RUS
40 EUR
41 EUR
42 EUR
43 EUR
44 EUR
45 EUR
", 22 500 руб. ,1 человек купил этот товар сегодня
8,https://www.lamoda.ru/p/mp002xm23qwl/shoes-pierrecardin-botinki/,   Pierre Cardin  Ботинки  ,Главная -> Мужчинам -> Обувь -> Ботинки -> Низкие ботинки,"   Материал верха:    натуральная кожа, натуральный нубук       Внутренний материал:    натуральная кожа, текстиль       Материал подошвы:    резина       Материал стельки:    натуральная кожа, текстиль       Сезон:    демисезон       Цвет:    коричневый       Гарантийный период:    90 дней       Страна производства:    Турция       Застежка:    шнурки     Артикул MP002XM23QWL  Подробнее ","https://a.lmcdn.ru/product/M/P/MP002XM23QWL_6876487_1_v1.jpg
https://a.lmcdn.ru/product/M/P/MP002XM23QWL_6876488_2_v1.jpg
https://a.lmcdn.ru/product/M/P/MP002XM23QWL_6876489_3_v1.jpg
https://a.lmcdn.ru/product/M/P/MP002XM23QWL_6876490_4_v1.jpg
https://a.lmcdn.ru/product/M/P/MP002XM23QWL_6917357_9_v2.jpg
","40 RUS
42 RUS
43 RUS
44 RUS
45 RUS
", 3 999 руб. ,7 человек купили этот товар на этой неделе
9,https://www.lamoda.ru/p/ha016amlse31/shoes-happyfamily-botinki/,   Happy Family  Ботинки  ,Главная -> Мужчинам -> Обувь -> Ботинки -> Низкие ботинки,   Материал верха:    натуральная кожа       Внутренний материал:    текстиль       Материал подошвы:    полимер       Материал стельки:    текстиль       Сезон:    демисезон       Цвет:    коричневый       Гарантийный период:    30 дней       Страна производства:    Китай       Застежка:    шнурки     Артикул HA016AMLSE31  Подробнее ,"https://a.lmcdn.ru/product/H/A/HA016AMLSE31_3704475_1_v2.jpg
https://a.lmcdn.ru/product/H/A/HA016AMLSE31_3704476_2_v2.jpg
https://a.lmcdn.ru/product/H/A/HA016AMLSE31_3704477_3_v2.jpg
https://a.lmcdn.ru/product/H/A/HA016AMLSE31_3704478_4_v2.jpg
https://a.lmcdn.ru/product/H/A/HA016AMLSE31_5499521_9_v2.jpg
","40 RUS
41 RUS
42 RUS
43 RUS
",2 583 руб.,7 человек купили этот товар на этой неделе
10,https://www.lamoda.ru/p/ke037amcigx1/shoes-keddo-botinki/,   Keddo  Ботинки  ,Главная -> Мужчинам -> Обувь -> Ботинки -> Высокие ботинки,   Материал верха:    искусственная кожа       Внутренний материал:    искусственный мех       Материал подошвы:    искусственный материал       Материал стельки:    искусственный мех       Сезон:    зима       Цвет:    черный       Страна производства:    Китай       Застежка:    молния     Артикул KE037AMCIGX1  Подробнее ,"https://a.lmcdn.ru/product/K/E/KE037AMCIGX1_7396555_1_v1.jpg
https://a.lmcdn.ru/product/K/E/KE037AMCIGX1_7396556_2_v1.jpg
https://a.lmcdn.ru/product/K/E/KE037AMCIGX1_7396557_3_v1.jpg
https://a.lmcdn.ru/product/K/E/KE037AMCIGX1_7396558_4_v1.jpg
https://a.lmcdn.ru/product/K/E/KE037AMCIGX1_7412715_9_v1.jpg
","40 RUS
41 RUS
42 RUS
43 RUS
44 RUS
",2 064 руб.,5 человек купили этот товар сегодня
11,https://www.lamoda.ru/p/mp002xm23stn/shoes-pierrecardin-botinki/,   Pierre Cardin  Ботинки  ,Главная -> Мужчинам -> Обувь -> Ботинки -> Низкие ботинки,   Материал верха:    натуральная кожа       Внутренний материал:    байка       Материал подошвы:    термопластиковая резина       Материал стельки:    байка       Сезон:    демисезон       Цвет:    коричневый       Гарантийный период:    90 дней       Страна производства:    Китай       Застежка:    молния     Артикул MP002XM23STN  Подробнее ,"https://a.lmcdn.ru/product/M/P/MP002XM23STN_7282072_1_v1.jpg
https://a.lmcdn.ru/product/M/P/MP002XM23STN_7282073_2_v1.jpg
https://a.lmcdn.ru/product/M/P/MP002XM23STN_7282074_3_v1.jpg
https://a.lmcdn.ru/product/M/P/MP002XM23STN_7282075_4_v1.jpg
https://a.lmcdn.ru/product/M/P/MP002XM23STN_7293723_9_v1.jpg
","40 RUS
42 RUS
43 RUS
44 RUS
45 RUS
", 3 999 руб. ,9 человек купили этот товар на этой неделе
12,https://www.lamoda.ru/p/mp002xm23t56/shoes-pierrecardin-botinki/,   Pierre Cardin  Ботинки  ,Главная -> Мужчинам -> Обувь -> Ботинки -> Высокие ботинки,"   Материал верха:    натуральная кожа       Внутренний материал:    натуральный мех       Материал подошвы:    резина       Материал стельки:    натуральный мех       Сезон:    зима       Цвет:    черный       Цвет фурнитуры:    черный       Гарантийный период:    90 дней       Страна производства:    Турция       Застежка:    шнурки, молния     Артикул MP002XM23T56  Подробнее ","https://a.lmcdn.ru/product/M/P/MP002XM23T56_7175831_1_v1.jpg
https://a.lmcdn.ru/product/M/P/MP002XM23T56_7175832_2_v1.jpg
https://a.lmcdn.ru/product/M/P/MP002XM23T56_7175833_3_v1.jpg
https://a.lmcdn.ru/product/M/P/MP002XM23T56_7175834_4_v1.jpg
https://a.lmcdn.ru/product/M/P/MP002XM23T56_7192292_9_v1.jpg
","40 RUS
41 RUS
42 RUS
43 RUS
44 RUS
45 RUS
", 2 999 руб. ,12 человек купили этот товар сегодня
13,https://www.lamoda.ru/p/pa050amcnbe4/shoes-patrol-kedy/,   Patrol  Кеды  ,Главная -> Мужчинам -> Обувь -> Кроссовки и кеды -> Кеды -> Высокие кеды,   Материал верха:    искусственная кожа       Внутренний материал:    искусственный мех       Материал подошвы:    термопластиковая резина       Материал стельки:    искусственный мех       Сезон:    зима       Цвет:    черный       Страна производства:    Китай       Застежка:    шнурки     Артикул PA050AMCNBE4  Подробнее ,"https://a.lmcdn.ru/product/P/A/PA050AMCNBE4_7371186_1_v1.jpg
https://a.lmcdn.ru/product/P/A/PA050AMCNBE4_7371187_2_v1.jpg
https://a.lmcdn.ru/product/P/A/PA050AMCNBE4_7371188_3_v1.jpg
https://a.lmcdn.ru/product/P/A/PA050AMCNBE4_7371189_4_v1.jpg
https://a.lmcdn.ru/product/P/A/PA050AMCNBE4_7377823_9_v1.jpg
","40 RUS
41 RUS
42 RUS
43 RUS
44 RUS
45 RUS
",1 540 руб.,8 человек купили этот товар сегодня
14,https://www.lamoda.ru/p/dc329ameedp0/shoes-dcshoes-botinki/,   DC Shoes  Ботинки  ,Главная -> Мужчинам -> Спорт -> Все спортивные товары -> Обувь -> Кеды,"   Материал верха:    натуральная кожа, текстиль       Внутренний материал:    текстиль       Материал подошвы:    резина       Материал стельки:    текстиль       Сезон:    демисезон, зима       Цвет:    черный       Вид спорта:    спорт стиль       Страна производства:    Китай       Застежка:    шнурки     Артикул DC329AMEEDP0  Подробнее ","https://a.lmcdn.ru/product/D/C/DC329AMEEDP0_7976488_1_v1.jpg
https://a.lmcdn.ru/product/D/C/DC329AMEEDP0_7976489_2_v1.jpg
https://a.lmcdn.ru/product/D/C/DC329AMEEDP0_7976490_3_v1.jpg
https://a.lmcdn.ru/product/D/C/DC329AMEEDP0_7976491_4_v1.jpg
https://a.lmcdn.ru/product/D/C/DC329AMEEDP0_7976492_5_v1.jpg
https://a.lmcdn.ru/product/D/C/DC329AMEEDP0_7989439_9_v1.jpg
","39 RUS
39,5 RUS
40 RUS
41 RUS
41,5 RUS
42 RUS
43 RUS
43,5 RUS
44 RUS
44,5 RUS
45 RUS
46 RUS
46,5 RUS
48 RUS
7 US
7,5 US
8 US
8,5 US
9 US
9,5 US
10 US
10,5 US
11 US
11,5 US
12 US
12,5 US
13 US
14 US
", 11 499 руб. ,67 человек просматривали этот товар сегодня
15,https://www.lamoda.ru/p/mp002xm0t1u4/shoes-sairus-slipony/,   Sairus  Слипоны  ,Главная -> Мужчинам -> Обувь -> Слипоны,   Материал верха:    натуральный нубук       Внутренний материал:    натуральная кожа       Материал подошвы:    полиуретан       Материал стельки:    натуральная кожа       Сезон:    лето       Цвет:    синий       Гарантийный период:    90 дней       Страна производства:    Россия       Застежка:    без застежки     Артикул MP002XM0T1U4  Подробнее ,"https://a.lmcdn.ru/product/M/P/MP002XM0T1U4_6680464_1_v3.jpg
https://a.lmcdn.ru/product/M/P/MP002XM0T1U4_6680469_2_v3.jpg
https://a.lmcdn.ru/product/M/P/MP002XM0T1U4_6680465_3_v3.jpg
https://a.lmcdn.ru/product/M/P/MP002XM0T1U4_6680466_4_v3.jpg
https://a.lmcdn.ru/product/M/P/MP002XM0T1U4_6680467_5_v3.jpg
https://a.lmcdn.ru/product/M/P/MP002XM0T1U4_6680468_6_v3.jpg
https://a.lmcdn.ru/product/M/P/MP002XM0T1U4_6680470_7_v3.jpg
","40 RUS
42 RUS
43 RUS
44 RUS
", 1 999 руб. ,3 человека купили этот товар сегодня
16,https://www.lamoda.ru/p/af003amcasw5/shoes-affex-botinki/,   Affex  Ботинки  ,Главная -> Мужчинам -> Обувь -> Ботинки -> Высокие ботинки,   Материал верха:    натуральный нубук       Внутренний материал:    шерсть       Материал подошвы:    термополиуретан       Материал стельки:    шерсть       Сезон:    зима       Цвет:    черный       Страна производства:    Китай       Застежка:    шнурки     Артикул AF003AMCASW5  Подробнее ,"https://a.lmcdn.ru/product/A/F/AF003AMCASW5_7122291_1_v1.jpg
https://a.lmcdn.ru/product/A/F/AF003AMCASW5_7122292_2_v1.jpg
https://a.lmcdn.ru/product/A/F/AF003AMCASW5_7122293_3_v1.jpg
https://a.lmcdn.ru/product/A/F/AF003AMCASW5_7122294_4_v1.jpg
https://a.lmcdn.ru/product/A/F/AF003AMCASW5_7138277_9_v1.jpg
","39 RUS
40 RUS
41 RUS
42 RUS
43 RUS
40 EUR
41 EUR
42 EUR
43 EUR
44 EUR
", 5 870 руб. ,5 человек купили этот товар сегодня
17,https://www.lamoda.ru/p/mp002xm23p7z/shoes-labiali-tufli/,   la Biali  Туфли  ,Главная -> Мужчинам -> Обувь -> Туфли -> Дерби,   Материал верха:    натуральная кожа       Внутренний материал:    натуральная кожа       Материал подошвы:    искусственный материал       Материал стельки:    натуральная кожа       Сезон:    мульти       Цвет:    коричневый       Гарантийный период:    30 дней       Страна производства:    Китай       Застежка:    шнурки     Артикул MP002XM23P7Z  Подробнее ,"https://a.lmcdn.ru/product/M/P/MP002XM23P7Z_6816646_1_v1.jpg
https://a.lmcdn.ru/product/M/P/MP002XM23P7Z_6816647_2_v1.jpg
https://a.lmcdn.ru/product/M/P/MP002XM23P7Z_6816648_3_v1.jpg
https://a.lmcdn.ru/product/M/P/MP002XM23P7Z_6816649_4_v1.jpg
https://a.lmcdn.ru/product/M/P/MP002XM23P7Z_6821303_9_v1.jpg
","39 RUS
40 RUS
41 RUS
42 RUS
43 RUS
", 4 960 руб. ,2 человека купили этот товар на этой неделе
18,https://www.lamoda.ru/p/on737aujhq43/shoes-onitsukatigerbyasics-krossovki/,   Onitsuka Tiger  Кроссовки MEXICO 66 ,Главная -> Мужчинам -> Обувь -> Кроссовки и кеды -> Кроссовки -> Низкие кроссовки,"   Материал верха:    натуральная замша, натуральная кожа       Внутренний материал:    текстиль       Материал подошвы:    резина       Материал стельки:    текстиль       Сезон:    мульти       Цвет:    черный       Вид спорта:    спорт стиль       Гарантийный период:    30 дней       Страна производства:    Индонезия       Застежка:    шнурки     Артикул ON737AUJHQ43  Подробнее ","https://a.lmcdn.ru/product/O/N/ON737AUJHQ43_3501436_1_v3.jpg
https://a.lmcdn.ru/product/O/N/ON737AUJHQ43_3501437_2_v3.jpg
https://a.lmcdn.ru/product/O/N/ON737AUJHQ43_3501438_3_v3.jpg
https://a.lmcdn.ru/product/O/N/ON737AUJHQ43_3501439_4_v3.jpg
","37,5 RUS
38,5 RUS
39 RUS
39,5 RUS
40 RUS
40,5 RUS
41,5 RUS
42 RUS
42,5 RUS
43 RUS
43,5 RUS
44 RUS
45 RUS
45,5 RUS
46 RUS
46,5 RUS
4 US
5 US
5,5 US
6 US
6,5 US
7 US
8 US
8,5 US
9 US
9,5 US
10 US
10,5 US
11,5 US
12 US
12,5 US
13 US
", 6 690 руб. ,2 человека купили этот товар сегодня
19,https://www.lamoda.ru/p/me146amczge2/shoes-mexx-botinki/,   Mexx  Ботинки  ,Главная -> Мужчинам -> Обувь -> Ботинки -> Высокие ботинки,   Материал верха:    натуральная замша       Внутренний материал:    натуральная кожа       Материал подошвы:    резина       Материал стельки:    натуральная кожа       Сезон:    демисезон       Цвет:    коричневый       Страна производства:    Китай       Застежка:    шнурки     Артикул ME146AMCZGE2  Подробнее ,"https://a.lmcdn.ru/product/M/E/ME146AMCZGE2_7612915_1_v1.jpg
https://a.lmcdn.ru/product/M/E/ME146AMCZGE2_7612916_2_v1.jpg
https://a.lmcdn.ru/product/M/E/ME146AMCZGE2_7612917_3_v1.jpg
https://a.lmcdn.ru/product/M/E/ME146AMCZGE2_7612918_4_v1.jpg
https://a.lmcdn.ru/product/M/E/ME146AMCZGE2_7630159_9_v1.jpg
","39 RUS
40 RUS
42 RUS
43 RUS
40 EUR
41 EUR
43 EUR
44 EUR
",3 584 руб.,11 человек купили этот товар сегодня
20,https://www.lamoda.ru/p/mp002xm23qwh/shoes-g19sportnonstop-krossovki/,   G19 Sport Non Stop  Кроссовки  ,Главная -> Мужчинам -> Обувь -> Кроссовки и кеды -> Кроссовки -> Низкие кроссовки,   Материал верха:    текстиль       Внутренний материал:    текстиль       Материал подошвы:    филон       Материал стельки:    текстиль       Сезон:    демисезон       Цвет:    черный       Гарантийный период:    90 дней       Страна производства:    Китай       Застежка:    шнурки     Артикул MP002XM23QWH  Подробнее ,"https://a.lmcdn.ru/product/M/P/MP002XM23QWH_6871707_1_v1.jpg
https://a.lmcdn.ru/product/M/P/MP002XM23QWH_6871708_2_v1.jpg
https://a.lmcdn.ru/product/M/P/MP002XM23QWH_6871709_3_v1.jpg
https://a.lmcdn.ru/product/M/P/MP002XM23QWH_6871710_4_v1.jpg
https://a.lmcdn.ru/product/M/P/MP002XM23QWH_6872966_9_v1.jpg
","41 RUS
42 RUS
43 RUS
44 RUS
", 999 руб. ,7 человек купили этот товар сегодня
21,https://www.lamoda.ru/p/as821amcjtw5/shoes-ascot-botinki-trekingovye/,   Ascot  Ботинки трекинговые CALM ,Главная -> Мужчинам -> Обувь -> Ботинки -> Трекинговые ботинки,"   Материал верха:    натуральный нубук       Внутренний материал:    текстиль       Материал подошвы:    резина       Материал стельки:    текстиль       Сезон:    демисезон, зима       Цвет:    черный       Страна производства:    Китай       Застежка:    шнурки     Артикул AS821AMCJTW5  Подробнее ","https://a.lmcdn.ru/product/A/S/AS821AMCJTW5_7330786_1_v1.jpg
https://a.lmcdn.ru/product/A/S/AS821AMCJTW5_7330787_2_v1.jpg
https://a.lmcdn.ru/product/A/S/AS821AMCJTW5_7330788_3_v1.jpg
https://a.lmcdn.ru/product/A/S/AS821AMCJTW5_7330789_4_v1.jpg
https://a.lmcdn.ru/product/A/S/AS821AMCJTW5_7345385_9_v1.jpg
","40 RUS
41 RUS
42 RUS
44 RUS
45 RUS
",3 570 руб.,3 человека купили этот товар сегодня
22,https://www.lamoda.ru/p/hc077amaajy1/shoes-hcs-sandalii/,   HCS  Сандалии  ,Главная -> Мужчинам -> Обувь -> Сандалии,"   Материал верха:    натуральная кожа, текстиль       Внутренний материал:    натуральная кожа       Материал подошвы:    искусственный материал       Материал стельки:    натуральная кожа       Сезон:    лето       Цвет:    черный       Страна производства:    Россия       Застежка:    без застежки     Артикул HC077AMAAJY1  Подробнее ","https://a.lmcdn.ru/product/H/C/HC077AMAAJY1_6642654_1_v1.jpg
https://a.lmcdn.ru/product/H/C/HC077AMAAJY1_6642655_2_v1.jpg
https://a.lmcdn.ru/product/H/C/HC077AMAAJY1_6642656_3_v1.jpg
https://a.lmcdn.ru/product/H/C/HC077AMAAJY1_6642657_4_v1.jpg
",,Нет товара,4 человека купили этот товар сегодня
23,https://www.lamoda.ru/p/la038amvaz40/shoes-lacoste-krossovki/,   Lacoste  Кроссовки CHAYMON 317 1 ,Главная -> Мужчинам -> Обувь -> Кроссовки и кеды -> Кроссовки -> Низкие кроссовки,"   Материал верха:    искусственная кожа, натуральная кожа       Внутренний материал:    текстиль       Материал подошвы:    полимер       Материал стельки:    текстиль       Сезон:    демисезон       Цвет:    синий       Цвет фурнитуры:    в тон изделия       Гарантийный период:    30 дней       Страна производства:    Вьетнам       Застежка:    шнурки     Артикул LA038AMVAZ40  Подробнее ","https://a.lmcdn.ru/product/L/A/LA038AMVAZ40_5022504_1_v2.jpg
https://a.lmcdn.ru/product/L/A/LA038AMVAZ40_5022505_2_v2.jpg
https://a.lmcdn.ru/product/L/A/LA038AMVAZ40_5022506_3_v2.jpg
https://a.lmcdn.ru/product/L/A/LA038AMVAZ40_5022507_4_v2.jpg
https://a.lmcdn.ru/product/L/A/LA038AMVAZ40_5044067_9_v2.jpg
","40 RUS
40,5 RUS
41,5 RUS
42 RUS
42,5 RUS
43,5 RUS
44 RUS
44,5 RUS
45,5 RUS
7 UK
7,5 UK
8 UK
8,5 UK
9 UK
9,5 UK
10 UK
10,5 UK
11 UK
", 7 540 руб. ,7 человек купили этот товар на этой неделе
24,https://www.lamoda.ru/p/dc329ameim41/shoes-dcshoes-kedy/,   DC Shoes  Кеды TRASE TX ,Главная -> Мужчинам -> Обувь -> Кроссовки и кеды -> Кеды -> Низкие кеды,   Материал верха:    текстиль       Внутренний материал:    текстиль       Материал подошвы:    резина       Материал стельки:    текстиль       Сезон:    лето       Цвет:    черный       Гарантийный период:    30 дней       Страна производства:    Китай       Застежка:    шнурки     Артикул DC329AMEIM41  Подробнее ,"https://a.lmcdn.ru/product/D/C/DC329AMEIM41_2266983_1_v2.jpg
https://a.lmcdn.ru/product/D/C/DC329AMEIM41_2266984_2_v2.jpg
https://a.lmcdn.ru/product/D/C/DC329AMEIM41_2266985_3_v2.jpg
https://a.lmcdn.ru/product/D/C/DC329AMEIM41_2266986_4_v2.jpg
","37,5 RUS
38 RUS
39 RUS
39,5 RUS
40 RUS
41 RUS
41,5 RUS
42 RUS
43 RUS
43,5 RUS
44 RUS
44,5 RUS
45 RUS
46 RUS
46,5 RUS
6 US
6,5 US
7 US
7,5 US
8 US
8,5 US
9 US
9,5 US
10 US
10,5 US
11 US
11,5 US
12 US
12,5 US
13 US
",4 239 руб.,4 человека купили этот товар на этой неделе
25,https://www.lamoda.ru/p/to052ambhpv9/shoes-tommyjeans-botinki/,   Tommy Jeans  Ботинки  ,Главная -> Мужчинам -> Обувь -> Ботинки -> Высокие ботинки,   Материал верха:    натуральная замша       Внутренний материал:    текстиль       Материал подошвы:    резина       Материал стельки:    натуральная кожа       Сезон:    демисезон       Цвет:    синий       Цвет фурнитуры:    серебряный       Страна производства:    Португалия       Застежка:    шнурки     Артикул TO052AMBHPV9  Подробнее ,"https://a.lmcdn.ru/product/T/O/TO052AMBHPV9_7051870_1_v1.jpg
https://a.lmcdn.ru/product/T/O/TO052AMBHPV9_7051871_2_v1.jpg
https://a.lmcdn.ru/product/T/O/TO052AMBHPV9_7051872_3_v1.jpg
https://a.lmcdn.ru/product/T/O/TO052AMBHPV9_7051873_4_v1.jpg
https://a.lmcdn.ru/product/T/O/TO052AMBHPV9_7052709_9_v2.jpg
","39 RUS
40 RUS
41 RUS
42 RUS
44 RUS
40 EUR
41 EUR
42 EUR
43 EUR
45 EUR
", 7 490 руб. ,4 человека купили этот товар сегодня
26,https://www.lamoda.ru/p/as455ambrmx3/shoes-asics-krossovki/,   ASICS  Кроссовки GEL-VENTURE 6 ,Главная -> Мужчинам -> Спорт -> Все спортивные товары -> Обувь -> Кроссовки,"   Материал верха:    искусственная кожа, текстиль       Внутренний материал:    текстиль       Материал подошвы:    резина       Материал стельки:    текстиль       Сезон:    мульти       Цвет:    черный       Вид спорта:    бег       Страна производства:    Вьетнам       Застежка:    шнурки     Артикул AS455AMBRMX3  Подробнее ","https://a.lmcdn.ru/product/A/S/AS455AMBRMX3_6827741_1_v1.jpg
https://a.lmcdn.ru/product/A/S/AS455AMBRMX3_6827742_2_v1.jpg
https://a.lmcdn.ru/product/A/S/AS455AMBRMX3_6827743_3_v1.jpg
https://a.lmcdn.ru/product/A/S/AS455AMBRMX3_6827744_4_v1.jpg
https://a.lmcdn.ru/product/A/S/AS455AMBRMX3_6832370_9_v1.jpg
","38,5 RUS
39 RUS
40 RUS
40,5 RUS
41 RUS
42 RUS
42,5 RUS
43 RUS
43,5 RUS
44,5 RUS
45 RUS
45,5 RUS
46,5 RUS
47,5 RUS
7 US
7,5 US
8 US
8,5 US
9 US
9,5 US
10 US
10,5 US
11 US
11,5 US
12 US
12,5 US
13 US
14 US
", 5 290 руб. ,3 человека купили этот товар сегодня
27,https://www.lamoda.ru/p/mp002xm23t50/shoes-pierrecardin-botinki/,   Pierre Cardin  Ботинки  ,Главная -> Мужчинам -> Обувь -> Ботинки -> Высокие ботинки,"   Материал верха:    натуральная кожа       Внутренний материал:    натуральный мех       Материал подошвы:    резина       Материал стельки:    натуральный мех       Сезон:    зима       Цвет:    черный       Цвет фурнитуры:    черный       Гарантийный период:    90 дней       Страна производства:    Турция       Застежка:    шнурки, молния     Артикул MP002XM23T50  Подробнее ","https://a.lmcdn.ru/product/M/P/MP002XM23T50_7170817_1_v1.jpg
https://a.lmcdn.ru/product/M/P/MP002XM23T50_7170818_2_v1.jpg
https://a.lmcdn.ru/product/M/P/MP002XM23T50_7170819_3_v1.jpg
https://a.lmcdn.ru/product/M/P/MP002XM23T50_7170820_4_v1.jpg
https://a.lmcdn.ru/product/M/P/MP002XM23T50_7192291_9_v1.jpg
","40 RUS
41 RUS
42 RUS
43 RUS
44 RUS
45 RUS
", 2 999 руб. ,7 человек купили этот товар сегодня
28,https://www.lamoda.ru/p/mp002xm242lw/shoes-artionardini-botinki/,   Artio Nardini  Ботинки  ,Главная -> Мужчинам -> Обувь -> Ботинки -> Высокие ботинки,   Материал верха:    натуральная кожа       Внутренний материал:    байка       Материал подошвы:    полимер       Материал стельки:    байка       Сезон:    демисезон       Цвет:    черный       Гарантийный период:    30 дней       Страна производства:    Китай       Застежка:    молния     Артикул MP002XM242LW  Подробнее ,"https://a.lmcdn.ru/product/M/P/MP002XM242LW_7795410_1_v1.jpg
https://a.lmcdn.ru/product/M/P/MP002XM242LW_7795411_2_v1.jpg
https://a.lmcdn.ru/product/M/P/MP002XM242LW_7795412_3_v1.jpg
https://a.lmcdn.ru/product/M/P/MP002XM242LW_7795413_4_v1.jpg
https://a.lmcdn.ru/product/M/P/MP002XM242LW_7795414_5_v1.jpg
https://a.lmcdn.ru/product/M/P/MP002XM242LW_7813176_9_v1.jpg
","41 RUS
42 RUS
43 RUS
", 8 910 руб. ,4 человека купили этот товар на этой неделе
29,https://www.lamoda.ru/p/to263ambhpo3/shoes-tommyhilfiger-kedy/,   Tommy Hilfiger  Кеды  ,Главная -> Мужчинам -> Обувь -> Кроссовки и кеды -> Кеды -> Высокие кеды,   Материал верха:    натуральный нубук       Внутренний материал:    текстиль       Материал подошвы:    резина       Материал стельки:    натуральная кожа       Сезон:    демисезон       Цвет:    синий       Страна производства:    Португалия       Застежка:    шнурки     Артикул TO263AMBHPO3  Подробнее ,"https://a.lmcdn.ru/product/T/O/TO263AMBHPO3_7394759_1_v1.jpg
https://a.lmcdn.ru/product/T/O/TO263AMBHPO3_7394760_2_v1.jpg
https://a.lmcdn.ru/product/T/O/TO263AMBHPO3_7394761_3_v1.jpg
https://a.lmcdn.ru/product/T/O/TO263AMBHPO3_7394762_4_v1.jpg
https://a.lmcdn.ru/product/T/O/TO263AMBHPO3_7398656_9_v1.jpg
","39 RUS
41 RUS
42 RUS
44 RUS
40 EUR
42 EUR
43 EUR
45 EUR
", 8 440 руб. ,5 человек купили этот товар сегодня
30,https://www.lamoda.ru/p/mp002xm245f5/shoes-badalli-slipony/,   Badalli  Слипоны  ,Главная -> Мужчинам -> Обувь -> Слипоны,   Материал верха:    натуральный нубук       Внутренний материал:    натуральная кожа       Материал подошвы:    термоэластопласт       Материал стельки:    натуральная кожа       Сезон:    мульти       Цвет:    черный       Гарантийный период:    90 дней       Страна производства:    Россия       Застежка:    без застежки     Артикул MP002XM245F5  Подробнее ,"https://a.lmcdn.ru/product/M/P/MP002XM245F5_7956727_1_v1.jpg
https://a.lmcdn.ru/product/M/P/MP002XM245F5_7956728_2_v1.jpg
https://a.lmcdn.ru/product/M/P/MP002XM245F5_7956729_3_v1.jpg
https://a.lmcdn.ru/product/M/P/MP002XM245F5_7956730_4_v1.jpg
https://a.lmcdn.ru/product/M/P/MP002XM245F5_7956731_5_v1.jpg
https://a.lmcdn.ru/product/M/P/MP002XM245F5_7962492_9_v1.jpg
","39 RUS
40 RUS
41 RUS
42 RUS
43 RUS
44 RUS
", 3 999 руб. ,26 человек просматривали этот товар на этой неделе
31,https://www.lamoda.ru/p/fr006amdroa1/shoes-fredperry-kedy/,   Fred Perry  Кеды  ,Главная -> Мужчинам -> Обувь -> Кроссовки и кеды -> Кеды -> Низкие кеды,   Материал верха:    натуральная кожа       Внутренний материал:    искусственная кожа       Материал подошвы:    резина       Материал стельки:    текстиль       Сезон:    демисезон       Цвет:    белый       Страна производства:    Вьетнам       Застежка:    шнурки     Артикул FR006AMDROA1  Подробнее ,"https://a.lmcdn.ru/product/F/R/FR006AMDROA1_7981659_1_v1.jpg
https://a.lmcdn.ru/product/F/R/FR006AMDROA1_7981660_2_v1.jpg
https://a.lmcdn.ru/product/F/R/FR006AMDROA1_7981661_3_v1.jpg
https://a.lmcdn.ru/product/F/R/FR006AMDROA1_7981662_4_v1.jpg
https://a.lmcdn.ru/product/F/R/FR006AMDROA1_7981663_5_v1.jpg
","39,5 RUS
40 RUS
41,5 RUS
42,5 RUS
43 RUS
43,5 RUS
44,5 RUS
6,5 UK
7 UK
8 UK
9 UK
9,5 UK
10 UK
11 UK
", 8 499 руб. ,24 человека просматривали этот товар сегодня
32,https://www.lamoda.ru/p/cr014aulgi06/shoes-crocs-tapochki/,   Crocs  Тапочки  ,Главная -> Женщинам -> Обувь -> Домашняя обувь,   Материал верха:    фетр       Внутренний материал:    без подкладки       Материал подошвы:    полимер       Материал стельки:    искусственный мех       Сезон:    мульти       Цвет:    синий       Гарантийный период:    30 дней       Страна производства:    Вьетнам       Застежка:    без застежки     Артикул CR014AULGI06  Подробнее ,"https://a.lmcdn.ru/product/C/R/CR014AULGI06_3706588_1_v2.jpg
https://a.lmcdn.ru/product/C/R/CR014AULGI06_3706589_2_v2.jpg
https://a.lmcdn.ru/product/C/R/CR014AULGI06_3706590_3_v2.jpg
","37/38 RUS
38/39 RUS
39/40 RUS
40/41 RUS
41/42 RUS
42/43 RUS
46 RUS
M5/W7 US
M6/W8 US
M7/W9 US
M8/W10 US
M9/W11 US
M10/W12 US
M13 US
", 2 499 руб. ,2 человека купили этот товар сегодня
33,https://www.lamoda.ru/p/mp002xm23zk5/shoes-tervolina-botinki/,   Tervolina  Ботинки  ,Главная -> Мужчинам -> Обувь -> Ботинки -> Высокие ботинки,"   Материал верха:    натуральная кожа       Внутренний материал:    шерстяной мех       Материал подошвы:    полимер       Материал стельки:    шерстяной мех       Сезон:    зима       Цвет:    черный       Гарантийный период:    15 дней       Страна производства:    Россия       Застежка:    молния, шнурки     Артикул MP002XM23ZK5  Подробнее ","https://a.lmcdn.ru/product/M/P/MP002XM23ZK5_7599557_1_v1.jpg
https://a.lmcdn.ru/product/M/P/MP002XM23ZK5_7599558_2_v1.jpg
https://a.lmcdn.ru/product/M/P/MP002XM23ZK5_7599559_3_v1.jpg
https://a.lmcdn.ru/product/M/P/MP002XM23ZK5_7599560_4_v1.jpg
https://a.lmcdn.ru/product/M/P/MP002XM23ZK5_7611503_9_v1.jpg
","40 RUS
41 RUS
42 RUS
43 RUS
45 RUS
", 5 940 руб. ,5 человек купили этот товар сегодня
34,https://www.lamoda.ru/p/ix001xm0018t/shoes-pullandbear-krossovki/,   Pull&Bear  Кроссовки  ,Главная -> Мужчинам -> Обувь -> Кроссовки и кеды -> Кроссовки -> Низкие кроссовки,"   Материал верха:    полиэстер       Внутренний материал:    полиэстер       Материал подошвы:    каучук       Материал стельки:    полиэстер       Сезон:    лето       Цвет:    черный       Срок годности:    не установлен       Срок службы, заявленный производителем:    не установлен       Гарантийный период:    не установлен       Страна производства:    Вьетнам       Застежка:    шнурки     Артикул IX001XM0018T  Подробнее ","https://a.lmcdn.ru/product/I/X/IX001XM0018T_7827324_1_v1.jpeg
https://a.lmcdn.ru/product/I/X/IX001XM0018T_7827325_2_v1.jpeg
https://a.lmcdn.ru/product/I/X/IX001XM0018T_7827326_3_v1.jpeg
https://a.lmcdn.ru/product/I/X/IX001XM0018T_7827327_4_v1.jpeg
https://a.lmcdn.ru/product/I/X/IX001XM0018T_7827328_5_v1.jpeg
","40 RUS
41 RUS
42 RUS
43 RUS
44 RUS
45 RUS
40 EUR
41 EUR
42 EUR
43 EUR
44 EUR
45 EUR
", 2 599 руб. ,9 человек купили этот товар сегодня
35,https://www.lamoda.ru/p/ne007ambzpj9/shoes-newbalance-krossovki/,   New Balance  Кроссовки 373v1 ,Главная -> Мужчинам -> Обувь -> Кроссовки и кеды -> Кроссовки -> Низкие кроссовки,"   Материал верха:    натуральная замша, натуральная кожа       Внутренний материал:    текстиль       Материал подошвы:    резина       Материал стельки:    текстиль       Сезон:    мульти       Цвет:    серый       Вид спорта:    спорт стиль       Страна производства:    Индонезия       Застежка:    шнурки     Артикул NE007AMBZPJ9  Подробнее ","https://a.lmcdn.ru/product/N/E/NE007AMBZPJ9_7198606_1_v1.jpg
https://a.lmcdn.ru/product/N/E/NE007AMBZPJ9_7198607_2_v1.jpg
https://a.lmcdn.ru/product/N/E/NE007AMBZPJ9_7198608_3_v1.jpg
https://a.lmcdn.ru/product/N/E/NE007AMBZPJ9_7198609_4_v1.jpg
https://a.lmcdn.ru/product/N/E/NE007AMBZPJ9_7238555_9_v1.jpg
","39 RUS
39,5 RUS
40,5 RUS
41 RUS
41,5 RUS
42 RUS
43 RUS
43,5 RUS
44 RUS
44,5 RUS
45,5 RUS
7 US
7,5 US
8 US
8,5 US
9 US
9,5 US
10 US
10,5 US
11 US
11,5 US
12 US
", 8 490 руб. ,3 человека купили этот товар сегодня
36,https://www.lamoda.ru/p/mp002xm245eh/shoes-pierrecardin-botinki/,   Pierre Cardin  Ботинки  ,Главная -> Мужчинам -> Обувь -> Ботинки -> Низкие ботинки,   Материал верха:    натуральный нубук       Внутренний материал:    натуральная кожа       Материал подошвы:    полиуретан       Материал стельки:    натуральная кожа       Сезон:    демисезон       Цвет:    бежевый       Гарантийный период:    90 дней       Страна производства:    Турция       Застежка:    шнурки     Артикул MP002XM245EH  Подробнее ,"https://a.lmcdn.ru/product/M/P/MP002XM245EH_7956637_1_v1.jpg
https://a.lmcdn.ru/product/M/P/MP002XM245EH_7956638_2_v1.jpg
https://a.lmcdn.ru/product/M/P/MP002XM245EH_7956639_3_v1.jpg
https://a.lmcdn.ru/product/M/P/MP002XM245EH_7956640_4_v1.jpg
https://a.lmcdn.ru/product/M/P/MP002XM245EH_7956641_5_v1.jpg
https://a.lmcdn.ru/product/M/P/MP002XM245EH_7962471_9_v1.jpg
","41 RUS
42 RUS
43 RUS
44 RUS
45 RUS
", 3 499 руб. ,1 человек купил этот товар на этой неделе
37,https://www.lamoda.ru/p/mp002xm23zk9/shoes-tervolina-botinki/,   Tervolina  Ботинки  ,Главная -> Мужчинам -> Обувь -> Ботинки -> Высокие ботинки,   Материал верха:    натуральный нубук       Внутренний материал:    шерстяной мех       Материал подошвы:    полимер       Материал стельки:    шерстяной мех       Сезон:    зима       Цвет:    коричневый       Гарантийный период:    15 дней       Страна производства:    Россия       Застежка:    шнурки     Артикул MP002XM23ZK9  Подробнее ,"https://a.lmcdn.ru/product/M/P/MP002XM23ZK9_7609626_1_v1.jpg
https://a.lmcdn.ru/product/M/P/MP002XM23ZK9_7609627_2_v1.jpg
https://a.lmcdn.ru/product/M/P/MP002XM23ZK9_7609628_3_v1.jpg
https://a.lmcdn.ru/product/M/P/MP002XM23ZK9_7609629_4_v1.jpg
https://a.lmcdn.ru/product/M/P/MP002XM23ZK9_7627100_9_v1.jpg
","40 RUS
41 RUS
42 RUS
43 RUS
44 RUS
45 RUS
", 5 390 руб. ,9 человек купили этот товар сегодня
38,https://www.lamoda.ru/p/mp002xm23sw1/shoes-bolivar-krossovki/,   Bolivar  Кроссовки  ,Главная -> Мужчинам -> Обувь -> Кроссовки и кеды -> Кроссовки -> Высокие кроссовки,"   Материал верха:    натуральный нубук       Внутренний материал:    натуральный мех       Материал подошвы:    термопластиковая резина       Материал стельки:    натуральный мех       Сезон:    зима       Цвет:    синий       Цвет фурнитуры:    бронзовый       Гарантийный период:    90 дней       Страна производства:    Россия       Застежка:    шнурки, молния     Артикул MP002XM23SW1  Подробнее ","https://a.lmcdn.ru/product/M/P/MP002XM23SW1_7175823_1_v1.jpg
https://a.lmcdn.ru/product/M/P/MP002XM23SW1_7175824_2_v1.jpg
https://a.lmcdn.ru/product/M/P/MP002XM23SW1_7175825_3_v1.jpg
https://a.lmcdn.ru/product/M/P/MP002XM23SW1_7175826_4_v1.jpg
https://a.lmcdn.ru/product/M/P/MP002XM23SW1_7192287_9_v1.jpg
","40 RUS
41 RUS
42 RUS
43 RUS
44 RUS
45 RUS
", 2 999 руб. ,6 человек купили этот товар на этой неделе
39,https://www.lamoda.ru/p/to052ambhpw9/shoes-tommyjeans-botinki/,   Tommy Jeans  Ботинки  ,Главная -> Мужчинам -> Обувь -> Ботинки -> Высокие ботинки,   Материал верха:    натуральная замша       Внутренний материал:    текстиль       Материал подошвы:    резина       Материал стельки:    натуральная кожа       Сезон:    демисезон       Цвет:    коричневый       Цвет фурнитуры:    серебряный       Страна производства:    Португалия       Застежка:    шнурки     Артикул TO052AMBHPW9  Подробнее ,"https://a.lmcdn.ru/product/T/O/TO052AMBHPW9_7051882_1_v1.jpg
https://a.lmcdn.ru/product/T/O/TO052AMBHPW9_7051883_2_v1.jpg
https://a.lmcdn.ru/product/T/O/TO052AMBHPW9_7051884_3_v1.jpg
https://a.lmcdn.ru/product/T/O/TO052AMBHPW9_7051885_4_v1.jpg
https://a.lmcdn.ru/product/T/O/TO052AMBHPW9_7052714_9_v2.jpg
","39 RUS
40 RUS
41 RUS
42 RUS
40 EUR
41 EUR
42 EUR
43 EUR
", 7 490 руб. ,3 человека купили этот товар сегодня
40,https://www.lamoda.ru/p/st979amcrfz6/shoes-strobbs-krossovki/,   Strobbs  Кроссовки  ,Главная -> Мужчинам -> Обувь -> Кроссовки и кеды -> Кроссовки -> Высокие кроссовки,"   Материал верха:    натуральная кожа, искусственная кожа       Внутренний материал:    искусственный мех       Материал подошвы:    резина       Материал стельки:    искусственный мех       Сезон:    зима       Цвет:    черный       Страна производства:    Китай       Застежка:    шнурки     Артикул ST979AMCRFZ6  Подробнее ","https://a.lmcdn.ru/product/S/T/ST979AMCRFZ6_7463607_1_v1.jpg
https://a.lmcdn.ru/product/S/T/ST979AMCRFZ6_7463608_2_v1.jpg
https://a.lmcdn.ru/product/S/T/ST979AMCRFZ6_7463609_3_v1.jpg
https://a.lmcdn.ru/product/S/T/ST979AMCRFZ6_7463610_4_v1.jpg
https://a.lmcdn.ru/product/S/T/ST979AMCRFZ6_7505227_9_v1.jpg
","41 RUS
42 RUS
43 RUS
44 RUS
", 2 090 руб. ,5 человек купили этот товар сегодня
41,https://www.lamoda.ru/p/un012amdxhn3/shoes-unitedcolorsofbenetton-tufli/,   United Colors of Benetton  Туфли  ,Главная -> Мужчинам -> Обувь -> Туфли -> Дерби,   Материал верха:    натуральная кожа       Внутренний материал:    натуральная кожа       Материал подошвы:    искусственный материал       Материал стельки:    натуральная кожа       Сезон:    мульти       Цвет:    черный       Страна производства:    Индия       Застежка:    шнурки     Артикул UN012AMDXHN3  Подробнее ,"https://a.lmcdn.ru/product/U/N/UN012AMDXHN3_7897567_1_v1.jpg
https://a.lmcdn.ru/product/U/N/UN012AMDXHN3_7897568_2_v1.jpg
https://a.lmcdn.ru/product/U/N/UN012AMDXHN3_7897569_3_v1.jpg
https://a.lmcdn.ru/product/U/N/UN012AMDXHN3_7897570_4_v1.jpg
https://a.lmcdn.ru/product/U/N/UN012AMDXHN3_7897571_5_v1.jpg
https://a.lmcdn.ru/product/U/N/UN012AMDXHN3_7908500_9_v1.jpg
","42 RUS
43 RUS
44 RUS
46 RUS
42 EUR
43 EUR
44 EUR
46 EUR
", 6 499 руб. ,15 человек купили этот товар на этой неделе
42,https://www.lamoda.ru/p/ni464ambwrh2/shoes-nike-shipovki/,   Nike  Шиповки VAPORX 12 ACADEMY TF ,Главная -> Мужчинам -> Обувь -> Кроссовки и кеды -> Бутсы -> Шиповки,   Материал верха:    искусственная кожа       Внутренний материал:    текстиль       Материал подошвы:    искусственный материал       Материал стельки:    текстиль       Сезон:    мульти       Цвет:    черный       Вид спорта:    футбол       Страна производства:    Индонезия       Застежка:    шнурки     Артикул NI464AMBWRH2  Подробнее ,"https://a.lmcdn.ru/product/N/I/NI464AMBWRH2_7338194_1_v1.jpg
https://a.lmcdn.ru/product/N/I/NI464AMBWRH2_7338195_2_v1.jpg
https://a.lmcdn.ru/product/N/I/NI464AMBWRH2_7338196_3_v1.jpg
https://a.lmcdn.ru/product/N/I/NI464AMBWRH2_7338197_4_v1.jpg
https://a.lmcdn.ru/product/N/I/NI464AMBWRH2_7360142_9_v1.jpg
","44 RUS
44,5 RUS
45 RUS
46 RUS
46,5 RUS
11 US
11,5 US
12 US
12,5 US
13 US
",2 961 руб.,10 человек купили этот товар на этой неделе
43,https://www.lamoda.ru/p/la038amcmsp4/shoes-lacoste-kedy/,   Lacoste  Кеды CARNABY EVO 318 7 ,Главная -> Мужчинам -> Обувь -> Кроссовки и кеды -> Кеды -> Низкие кеды,   Материал верха:    искусственная кожа       Внутренний материал:    текстиль       Материал подошвы:    резина       Материал стельки:    текстиль       Сезон:    демисезон       Цвет:    черный       Страна производства:    Вьетнам       Застежка:    шнурки     Артикул LA038AMCMSP4  Подробнее ,"https://a.lmcdn.ru/product/L/A/LA038AMCMSP4_7106377_1_v1.jpg
https://a.lmcdn.ru/product/L/A/LA038AMCMSP4_7106378_2_v1.jpg
https://a.lmcdn.ru/product/L/A/LA038AMCMSP4_7106379_3_v1.jpg
https://a.lmcdn.ru/product/L/A/LA038AMCMSP4_7106380_4_v1.jpg
https://a.lmcdn.ru/product/L/A/LA038AMCMSP4_7118219_9_v1.jpg
","40 RUS
40,5 RUS
41,5 RUS
42 RUS
42,5 RUS
43,5 RUS
44 RUS
44,5 RUS
45,5 RUS
7 UK
7,5 UK
8 UK
8,5 UK
9 UK
9,5 UK
10 UK
10,5 UK
11 UK
", 7 330 руб. ,8 человек купили этот товар сегодня
44,https://www.lamoda.ru/p/mp002xm23t7m/shoes-bolivar-botinki/,   Bolivar  Ботинки  ,Главная -> Мужчинам -> Обувь -> Ботинки -> Высокие ботинки,"   Материал верха:    натуральная кожа       Внутренний материал:    натуральный мех       Материал подошвы:    термопластиковая резина       Материал стельки:    натуральный мех       Сезон:    зима       Цвет:    синий       Цвет фурнитуры:    бронзовый       Гарантийный период:    90 дней       Страна производства:    Россия       Застежка:    шнурки, молния     Артикул MP002XM23T7M  Подробнее ","https://a.lmcdn.ru/product/M/P/MP002XM23T7M_7170837_1_v1.jpg
https://a.lmcdn.ru/product/M/P/MP002XM23T7M_7170838_2_v1.jpg
https://a.lmcdn.ru/product/M/P/MP002XM23T7M_7170839_3_v1.jpg
https://a.lmcdn.ru/product/M/P/MP002XM23T7M_7170840_4_v1.jpg
https://a.lmcdn.ru/product/M/P/MP002XM23T7M_7192299_9_v1.jpg
","40 RUS
43 RUS
45 RUS
", 3 999 руб. ,5 человек купили этот товар сегодня
45,https://www.lamoda.ru/p/he002amdoez0/shoes-hebymango-kedy/,   Mango Man  Кеды M BLANCA ,Главная -> Мужчинам -> Обувь -> Кроссовки и кеды -> Кеды -> Низкие кеды,   Материал верха:    натуральная кожа       Внутренний материал:    искусственная кожа       Материал подошвы:    искусственный материал       Материал стельки:    искусственная кожа       Сезон:    мульти       Цвет:    белый       Страна производства:    Вьетнам       Застежка:    шнурки     Артикул HE002AMDOEZ0  Подробнее ,"https://a.lmcdn.ru/product/H/E/HE002AMDOEZ0_7941260_1_v3.jpg
https://a.lmcdn.ru/product/H/E/HE002AMDOEZ0_7941261_2_v3.jpg
https://a.lmcdn.ru/product/H/E/HE002AMDOEZ0_7941263_3_v3.jpg
https://a.lmcdn.ru/product/H/E/HE002AMDOEZ0_7941264_4_v3.jpg
https://a.lmcdn.ru/product/H/E/HE002AMDOEZ0_7941265_5_v3.jpg
https://a.lmcdn.ru/product/H/E/HE002AMDOEZ0_7949287_9_v1.jpg
","40 RUS
41 RUS
42 RUS
43 RUS
40 EUR
41 EUR
42 EUR
43 EUR
", 3 999 руб. ,2 человека купили этот товар сегодня
46,https://www.lamoda.ru/p/mp002xm23t6b/shoes-badalli-botinki/,   Badalli  Ботинки  ,Главная -> Мужчинам -> Обувь -> Ботинки -> Низкие ботинки,"   Материал верха:    натуральный нубук       Внутренний материал:    натуральный мех       Материал подошвы:    полимер       Материал стельки:    натуральный мех       Сезон:    зима       Цвет:    синий       Цвет фурнитуры:    серебряный       Гарантийный период:    90 дней       Страна производства:    Россия       Застежка:    шнурки, молния     Артикул MP002XM23T6B  Подробнее ","https://a.lmcdn.ru/product/M/P/MP002XM23T6B_7175839_1_v1.jpg
https://a.lmcdn.ru/product/M/P/MP002XM23T6B_7175840_2_v1.jpg
https://a.lmcdn.ru/product/M/P/MP002XM23T6B_7175841_3_v1.jpg
https://a.lmcdn.ru/product/M/P/MP002XM23T6B_7175842_4_v1.jpg
https://a.lmcdn.ru/product/M/P/MP002XM23T6B_7192295_9_v1.jpg
","40 RUS
42 RUS
43 RUS
44 RUS
45 RUS
", 3 999 руб. ,12 человек купили этот товар на этой неделе
47,https://www.lamoda.ru/p/mp002xm245eg/shoes-pierrecardin-botinki/,   Pierre Cardin  Ботинки  ,Главная -> Мужчинам -> Обувь -> Ботинки -> Высокие ботинки,"   Материал верха:    натуральная кожа       Внутренний материал:    текстиль       Материал подошвы:    резина       Материал стельки:    текстиль       Сезон:    демисезон       Цвет:    черный       Гарантийный период:    90 дней       Страна производства:    Турция       Застежка:    молния, шнурки     Артикул MP002XM245EG  Подробнее ","https://a.lmcdn.ru/product/M/P/MP002XM245EG_7956632_1_v1.jpg
https://a.lmcdn.ru/product/M/P/MP002XM245EG_7956633_2_v1.jpg
https://a.lmcdn.ru/product/M/P/MP002XM245EG_7956634_3_v1.jpg
https://a.lmcdn.ru/product/M/P/MP002XM245EG_7956635_4_v1.jpg
https://a.lmcdn.ru/product/M/P/MP002XM245EG_7956636_5_v1.jpg
https://a.lmcdn.ru/product/M/P/MP002XM245EG_7962470_9_v1.jpg
","40 RUS
41 RUS
42 RUS
43 RUS
44 RUS
45 RUS
", 4 499 руб. ,27 человек просматривали этот товар сегодня
48,https://www.lamoda.ru/p/mp002xm245d3/shoes-pierrecardin-tufli/,   Pierre Cardin  Туфли  ,Главная -> Мужчинам -> Обувь -> Туфли -> Дерби,   Материал верха:    натуральная кожа       Внутренний материал:    натуральная кожа       Материал подошвы:    резина       Материал стельки:    натуральная кожа       Сезон:    мульти       Цвет:    черный       Гарантийный период:    90 дней       Страна производства:    Турция       Застежка:    шнурки     Артикул MP002XM245D3  Подробнее ,"https://a.lmcdn.ru/product/M/P/MP002XM245D3_7956477_1_v1.jpg
https://a.lmcdn.ru/product/M/P/MP002XM245D3_7956478_2_v1.jpg
https://a.lmcdn.ru/product/M/P/MP002XM245D3_7956479_3_v1.jpg
https://a.lmcdn.ru/product/M/P/MP002XM245D3_7956480_4_v1.jpg
https://a.lmcdn.ru/product/M/P/MP002XM245D3_7956481_5_v1.jpg
https://a.lmcdn.ru/product/M/P/MP002XM245D3_7962436_9_v1.jpg
","40 RUS
41 RUS
42 RUS
43 RUS
44 RUS
", 3 799 руб. ,1 человек купил этот товар сегодня
49,https://www.lamoda.ru/p/mp002xm23yrt/shoes-dinoricci-botinki/,   Dino Ricci  Ботинки  ,Главная -> Мужчинам -> Обувь -> Ботинки -> Высокие ботинки,   Материал верха:    натуральная кожа       Внутренний материал:    натуральный мех       Материал подошвы:    полимер       Материал стельки:    натуральный мех       Сезон:    зима       Цвет:    черный       Гарантийный период:    30 дней       Застежка:    молния     Артикул MP002XM23YRT  Подробнее ,"https://a.lmcdn.ru/product/M/P/MP002XM23YRT_7539328_1_v1.jpg
https://a.lmcdn.ru/product/M/P/MP002XM23YRT_7539329_2_v1.jpg
https://a.lmcdn.ru/product/M/P/MP002XM23YRT_7539330_3_v1.jpg
https://a.lmcdn.ru/product/M/P/MP002XM23YRT_7539331_4_v1.jpg
https://a.lmcdn.ru/product/M/P/MP002XM23YRT_7548778_9_v1.jpg
","40 RUS
41 RUS
42 RUS
43 RUS
44 RUS
",6 752 руб.,3 человека купили этот товар на этой неделе
50,https://www.lamoda.ru/p/ne007amaggd8/shoes-newbalance-krossovki/,   New Balance  Кроссовки 574 Essential ,Главная -> Мужчинам -> Обувь -> Кроссовки и кеды -> Кроссовки -> Низкие кроссовки,"   Материал верха:    натуральная замша, нейлон       Внутренний материал:    текстиль       Материал подошвы:    резина       Материал стельки:    текстиль       Сезон:    мульти       Цвет:    зеленый       Вид спорта:    спорт стиль       Гарантийный период:    30 дней       Страна производства:    Вьетнам     Артикул NE007AMAGGD8  Подробнее ","https://a.lmcdn.ru/product/N/E/NE007AMAGGD8_6059158_1_v3.jpg
https://a.lmcdn.ru/product/N/E/NE007AMAGGD8_6059159_2_v3.jpg
https://a.lmcdn.ru/product/N/E/NE007AMAGGD8_6059160_3_v3.jpg
https://a.lmcdn.ru/product/N/E/NE007AMAGGD8_6059161_4_v3.jpg
https://a.lmcdn.ru/product/N/E/NE007AMAGGD8_6080634_9_v3.jpg
","39 RUS
39,5 RUS
40,5 RUS
41 RUS
41,5 RUS
42 RUS
43 RUS
43,5 RUS
44 RUS
44,5 RUS
45,5 RUS
46,5 RUS
7 US
7,5 US
8 US
8,5 US
9 US
9,5 US
10 US
10,5 US
11 US
11,5 US
12 US
13 US
", 9 990 руб. ,6 человек купили этот товар на этой неделе
51,https://www.lamoda.ru/p/mp002xm245d9/shoes-pierrecardin-tufli/,   Pierre Cardin  Туфли  ,Главная -> Мужчинам -> Обувь -> Туфли -> Дерби,   Материал верха:    натуральная кожа       Внутренний материал:    натуральная кожа       Материал подошвы:    резина       Материал стельки:    натуральная кожа       Сезон:    мульти       Цвет:    коричневый       Гарантийный период:    90 дней       Страна производства:    Турция       Застежка:    шнурки     Артикул MP002XM245D9  Подробнее ,"https://a.lmcdn.ru/product/M/P/MP002XM245D9_7956492_1_v1.jpg
https://a.lmcdn.ru/product/M/P/MP002XM245D9_7956493_2_v1.jpg
https://a.lmcdn.ru/product/M/P/MP002XM245D9_7956494_3_v1.jpg
https://a.lmcdn.ru/product/M/P/MP002XM245D9_7956495_4_v1.jpg
https://a.lmcdn.ru/product/M/P/MP002XM245D9_7956496_5_v1.jpg
https://a.lmcdn.ru/product/M/P/MP002XM245D9_7962440_9_v1.jpg
","40 RUS
41 RUS
42 RUS
43 RUS
45 RUS
", 3 799 руб. ,4 человека купили этот товар сегодня
52,https://www.lamoda.ru/p/mp002xm245em/shoes-alessionesca-kedy/,   Alessio Nesca  Кеды  ,Главная -> Мужчинам -> Обувь -> Кроссовки и кеды -> Кеды -> Низкие кеды,   Материал верха:    натуральная кожа       Внутренний материал:    натуральная кожа       Материал подошвы:    термоэластопласт       Материал стельки:    натуральная кожа       Сезон:    демисезон       Цвет:    мультиколор       Комплектация:    Ботинки       Гарантийный период:    90 дней       Страна производства:    Россия       Застежка:    шнурки     Артикул MP002XM245EM  Подробнее ,"https://a.lmcdn.ru/product/M/P/MP002XM245EM_7956657_1_v1.jpg
https://a.lmcdn.ru/product/M/P/MP002XM245EM_7956658_2_v1.jpg
https://a.lmcdn.ru/product/M/P/MP002XM245EM_7956659_3_v1.jpg
https://a.lmcdn.ru/product/M/P/MP002XM245EM_7956660_4_v1.jpg
https://a.lmcdn.ru/product/M/P/MP002XM245EM_7956661_5_v1.jpg
https://a.lmcdn.ru/product/M/P/MP002XM245EM_7962476_9_v1.jpg
","40 RUS
41 RUS
42 RUS
43 RUS
44 RUS
45 RUS
", 3 999 руб. ,2 человека купили этот товар сегодня
53,https://www.lamoda.ru/p/se392amafue9/shoes-selectedhomme-tufli/,   Selected Homme  Туфли  ,Главная -> Мужчинам -> Обувь -> Туфли -> Дерби,   Материал верха:    натуральная кожа       Внутренний материал:    натуральная кожа       Материал подошвы:    полимер       Материал стельки:    натуральная кожа       Сезон:    мульти       Цвет:    коричневый       Гарантийный период:    30 дней       Страна производства:    Португалия     Артикул SE392AMAFUE9  Подробнее ,"https://a.lmcdn.ru/product/S/E/SE392AMAFUE9_6059222_1_v2.jpg
https://a.lmcdn.ru/product/S/E/SE392AMAFUE9_6059223_2_v2.jpg
https://a.lmcdn.ru/product/S/E/SE392AMAFUE9_6059224_3_v2.jpg
https://a.lmcdn.ru/product/S/E/SE392AMAFUE9_6059225_4_v2.jpg
https://a.lmcdn.ru/product/S/E/SE392AMAFUE9_6080804_9_v2.jpg
","39 RUS
40 RUS
41 RUS
42 RUS
43 RUS
44 RUS
45 RUS
40 EUR
41 EUR
42 EUR
43 EUR
44 EUR
45 EUR
46 EUR
", 10 299 руб. ,3 человека купили этот товар сегодня
54,https://www.lamoda.ru/p/jo019amvro81/shoes-jogdog-dutiki/,   Jog Dog  Дутики  ,Главная -> Мужчинам -> Premium -> Обувь -> Сапоги -> Дутики,"   Материал верха:    искусственный нубук, нейлон       Внутренний материал:    шерсть       Материал подошвы:    искусственный материал       Материал стельки:    шерсть       Высота голенища / задника:    21  см     Сезон:    зима       Цвет:    черный       Гарантийный период:    30 дней       Страна производства:    Румыния       Застежка:    липучки     Артикул JO019AMVRO81  Подробнее ","https://a.lmcdn.ru/product/J/O/JO019AMVRO81_5266299_1_v2.jpg
https://a.lmcdn.ru/product/J/O/JO019AMVRO81_5266300_2_v2.jpg
https://a.lmcdn.ru/product/J/O/JO019AMVRO81_5266301_3_v2.jpg
https://a.lmcdn.ru/product/J/O/JO019AMVRO81_5266302_4_v2.jpg
https://a.lmcdn.ru/product/J/O/JO019AMVRO81_5282735_9_v1.jpg
","39 RUS
40 RUS
41 RUS
42 RUS
40 EUR
41 EUR
42 EUR
43 EUR
", 9 499 руб. ,2 человека купили этот товар сегодня
55,https://www.lamoda.ru/p/ra084amlcc15/shoes-ralfringer-botinki/,   Ralf Ringer  Ботинки  ,Главная -> Мужчинам -> Обувь -> Ботинки -> Высокие ботинки,   Материал верха:    натуральная кожа       Внутренний материал:    натуральный мех       Материал подошвы:    резина       Материал стельки:    натуральный мех       Сезон:    зима       Цвет:    коричневый       Гарантийный период:    30 дней       Страна производства:    Россия       Застежка:    шнурки     Артикул RA084AMLCC15  Подробнее ,"https://a.lmcdn.ru/product/R/A/RA084AMLCC15_3844941_1_v2.jpg
https://a.lmcdn.ru/product/R/A/RA084AMLCC15_3844942_2_v2.jpg
https://a.lmcdn.ru/product/R/A/RA084AMLCC15_3844943_3_v2.jpg
https://a.lmcdn.ru/product/R/A/RA084AMLCC15_3844944_4_v2.jpg
","40 RUS
41 RUS
42 RUS
43 RUS
44 RUS
",4 792 руб.,2 человека купили этот товар сегодня
56,https://www.lamoda.ru/p/es021amdhyg3/shoes-escan-kedy/,   Escan  Кеды  ,Главная -> Мужчинам -> Обувь -> Кроссовки и кеды -> Кеды -> Низкие кеды,   Материал верха:    искусственная кожа       Внутренний материал:    текстиль       Материал подошвы:    резина       Материал стельки:    текстиль       Сезон:    демисезон       Цвет:    серый       Страна производства:    Китай       Застежка:    шнурки     Артикул ES021AMDHYG3  Подробнее ,"https://a.lmcdn.ru/product/E/S/ES021AMDHYG3_7687917_1_v1.jpg
https://a.lmcdn.ru/product/E/S/ES021AMDHYG3_7687918_2_v1.jpg
https://a.lmcdn.ru/product/E/S/ES021AMDHYG3_7687919_3_v1.jpg
https://a.lmcdn.ru/product/E/S/ES021AMDHYG3_7687920_4_v1.jpg
https://a.lmcdn.ru/product/E/S/ES021AMDHYG3_7700318_9_v1.jpg
","40 RUS
41 RUS
42 RUS
43 RUS
44 RUS
", 930 руб. ,4 человека купили этот товар сегодня
57,https://www.lamoda.ru/p/to263ambhpo7/shoes-tommyhilfiger-kedy/,   Tommy Hilfiger  Кеды  ,Главная -> Мужчинам -> Обувь -> Кроссовки и кеды -> Кеды -> Высокие кеды,   Материал верха:    натуральная кожа       Внутренний материал:    текстиль       Материал подошвы:    резина       Материал стельки:    текстиль       Сезон:    демисезон       Цвет:    черный       Страна производства:    Вьетнам       Застежка:    шнурки     Артикул TO263AMBHPO7  Подробнее ,"https://a.lmcdn.ru/product/T/O/TO263AMBHPO7_7362281_1_v1.jpg
https://a.lmcdn.ru/product/T/O/TO263AMBHPO7_7362282_2_v1.jpg
https://a.lmcdn.ru/product/T/O/TO263AMBHPO7_7362283_3_v1.jpg
https://a.lmcdn.ru/product/T/O/TO263AMBHPO7_7362284_4_v1.jpg
https://a.lmcdn.ru/product/T/O/TO263AMBHPO7_7377972_9_v1.jpg
","39 RUS
40 RUS
41 RUS
42 RUS
40 EUR
41 EUR
42 EUR
43 EUR
", 6 040 руб. ,11 человек купили этот товар сегодня
58,https://www.lamoda.ru/p/mp002xm245da/shoes-pierrecardin-lofery/,   Pierre Cardin  Лоферы  ,Главная -> Мужчинам -> Обувь -> Туфли -> Лоферы,   Материал верха:    натуральная кожа       Внутренний материал:    натуральная кожа       Материал подошвы:    резина       Материал стельки:    натуральная кожа       Сезон:    мульти       Цвет:    черный       Комплектация:    Ботинки       Гарантийный период:    90 дней       Страна производства:    Турция       Застежка:    без застежки     Артикул MP002XM245DA  Подробнее ,"https://a.lmcdn.ru/product/M/P/MP002XM245DA_7956497_1_v1.jpg
https://a.lmcdn.ru/product/M/P/MP002XM245DA_7956498_2_v1.jpg
https://a.lmcdn.ru/product/M/P/MP002XM245DA_7956499_3_v1.jpg
https://a.lmcdn.ru/product/M/P/MP002XM245DA_7956500_4_v1.jpg
https://a.lmcdn.ru/product/M/P/MP002XM245DA_7956501_5_v1.jpg
https://a.lmcdn.ru/product/M/P/MP002XM245DA_7962441_9_v1.jpg
","40 RUS
41 RUS
42 RUS
43 RUS
44 RUS
45 RUS
", 3 799 руб. ,2 человека купили этот товар на этой неделе
59,https://www.lamoda.ru/p/mp002xm23q5h/shoes-pierrecardin-botinki/,   Pierre Cardin  Ботинки  ,Главная -> Мужчинам -> Обувь -> Ботинки -> Тимберленды и др.,   Материал верха:    натуральный нубук       Внутренний материал:    натуральный мех       Материал подошвы:    термопластиковая резина       Материал стельки:    натуральный мех       Сезон:    зима       Цвет:    синий       Гарантийный период:    90 дней       Страна производства:    Турция       Застежка:    шнурки     Артикул MP002XM23Q5H  Подробнее ,"https://a.lmcdn.ru/product/M/P/MP002XM23Q5H_6873529_1_v1.jpg
https://a.lmcdn.ru/product/M/P/MP002XM23Q5H_6873530_2_v1.jpg
https://a.lmcdn.ru/product/M/P/MP002XM23Q5H_6873531_3_v1.jpg
https://a.lmcdn.ru/product/M/P/MP002XM23Q5H_6873532_4_v1.jpg
https://a.lmcdn.ru/product/M/P/MP002XM23Q5H_6873351_9_v1.jpg
","40 RUS
42 RUS
43 RUS
", 3 999 руб. ,2 человека купили этот товар сегодня
60,https://www.lamoda.ru/p/in011amclrh3/shoes-instreet-botinki/,   Instreet  Ботинки  ,Главная -> Мужчинам -> Обувь -> Ботинки -> Высокие ботинки,"   Материал верха:    искусственная кожа       Внутренний материал:    байка       Материал подошвы:    термопластиковая резина       Материал стельки:    байка       Сезон:    демисезон       Цвет:    коричневый       Страна производства:    Китай       Застежка:    молния, шнурки     Артикул IN011AMCLRH3  Подробнее ","https://a.lmcdn.ru/product/I/N/IN011AMCLRH3_7349037_1_v1.jpg
https://a.lmcdn.ru/product/I/N/IN011AMCLRH3_7349038_2_v1.jpg
https://a.lmcdn.ru/product/I/N/IN011AMCLRH3_7349039_3_v1.jpg
https://a.lmcdn.ru/product/I/N/IN011AMCLRH3_7349040_4_v1.jpg
https://a.lmcdn.ru/product/I/N/IN011AMCLRH3_7370686_9_v1.jpg
","40 RUS
41 RUS
42 RUS
43 RUS
44 RUS
45 RUS
",1 674 руб.,4 человека купили этот товар сегодня
61,https://www.lamoda.ru/p/mp002xm245db/shoes-pierrecardin-botinki/,   Pierre Cardin  Ботинки  ,Главная -> Мужчинам -> Обувь -> Ботинки -> Высокие ботинки,   Материал верха:    натуральная кожа       Внутренний материал:    текстиль       Материал подошвы:    резина       Материал стельки:    текстиль       Сезон:    демисезон       Цвет:    черный       Гарантийный период:    90 дней       Страна производства:    Турция       Застежка:    молния     Артикул MP002XM245DB  Подробнее ,"https://a.lmcdn.ru/product/M/P/MP002XM245DB_7956502_1_v1.jpg
https://a.lmcdn.ru/product/M/P/MP002XM245DB_7956503_2_v1.jpg
https://a.lmcdn.ru/product/M/P/MP002XM245DB_7956504_3_v1.jpg
https://a.lmcdn.ru/product/M/P/MP002XM245DB_7956505_4_v1.jpg
https://a.lmcdn.ru/product/M/P/MP002XM245DB_7956506_5_v1.jpg
https://a.lmcdn.ru/product/M/P/MP002XM245DB_7962442_9_v1.jpg
","40 RUS
41 RUS
42 RUS
43 RUS
44 RUS
45 RUS
", 4 499 руб. ,1 человек купил этот товар на этой неделе
62,https://www.lamoda.ru/p/mp002xm245e7/shoes-unm-krossovki/,   UNM  Кроссовки  ,Главная -> Мужчинам -> Обувь -> Кроссовки и кеды -> Кроссовки -> Низкие кроссовки,   Материал верха:    натуральная кожа       Внутренний материал:    натуральная кожа       Материал подошвы:    термопластиковая резина       Материал стельки:    натуральная кожа       Сезон:    демисезон       Цвет:    белый       Комплектация:    Ботинки       Гарантийный период:    90 дней       Страна производства:    Россия       Застежка:    шнурки     Артикул MP002XM245E7  Подробнее ,"https://a.lmcdn.ru/product/M/P/MP002XM245E7_7962887_1_v1.jpg
https://a.lmcdn.ru/product/M/P/MP002XM245E7_7962888_2_v1.jpg
https://a.lmcdn.ru/product/M/P/MP002XM245E7_7962889_3_v1.jpg
https://a.lmcdn.ru/product/M/P/MP002XM245E7_7962890_4_v1.jpg
https://a.lmcdn.ru/product/M/P/MP002XM245E7_7962891_5_v1.jpg
https://a.lmcdn.ru/product/M/P/MP002XM245E7_7962892_9_v1.jpg
","40 RUS
41 RUS
", 4 499 руб. ,29 человек просматривали этот товар сегодня
63,https://www.lamoda.ru/p/un001ambvgz9/shoes-underarmour-krossovki/,   Under Armour  Кроссовки UA Surge ,Главная -> Мужчинам -> Обувь -> Кроссовки и кеды -> Кроссовки -> Низкие кроссовки,   Материал верха:    текстиль       Внутренний материал:    текстиль       Материал подошвы:    искусственный материал       Материал стельки:    текстиль       Сезон:    мульти       Цвет:    черный       Вид спорта:    бег       Страна производства:    Вьетнам       Застежка:    шнурки     Артикул UN001AMBVGZ9  Подробнее ,"https://a.lmcdn.ru/product/U/N/UN001AMBVGZ9_7309863_1_v1.jpg
https://a.lmcdn.ru/product/U/N/UN001AMBVGZ9_7309864_2_v1.jpg
https://a.lmcdn.ru/product/U/N/UN001AMBVGZ9_7309865_3_v1.jpg
https://a.lmcdn.ru/product/U/N/UN001AMBVGZ9_7309866_4_v1.jpg
https://a.lmcdn.ru/product/U/N/UN001AMBVGZ9_7329242_9_v1.jpg
","39 RUS
39,5 RUS
40 RUS
41 RUS
41,5 RUS
42 RUS
43 RUS
43,5 RUS
44 RUS
44,5 RUS
45 RUS
46 RUS
46,5 RUS
47,5 RUS
7 US
7,5 US
8 US
8,5 US
9 US
9,5 US
10 US
10,5 US
11 US
11,5 US
12 US
12,5 US
13 US
14 US
", 5 690 руб. ,4 человека купили этот товар на этой неделе
64,https://www.lamoda.ru/p/pi022amcbnq3/shoes-piazzaitalia-kedy/,   Piazza Italia  Кеды  ,Главная -> Мужчинам -> Обувь -> Кроссовки и кеды -> Кеды -> Низкие кеды,   Материал верха:    искусственная кожа       Внутренний материал:    текстиль       Материал подошвы:    искусственный материал       Материал стельки:    текстиль       Сезон:    демисезон       Цвет:    коричневый       Страна производства:    Китай       Застежка:    шнурки     Артикул PI022AMCBNQ3  Подробнее ,"https://a.lmcdn.ru/product/P/I/PI022AMCBNQ3_7513715_1_v1.jpg
https://a.lmcdn.ru/product/P/I/PI022AMCBNQ3_7513716_2_v1.jpg
https://a.lmcdn.ru/product/P/I/PI022AMCBNQ3_7513717_3_v1.jpg
https://a.lmcdn.ru/product/P/I/PI022AMCBNQ3_7513718_4_v1.jpg
https://a.lmcdn.ru/product/P/I/PI022AMCBNQ3_7528023_9_v1.jpg
","39 RUS
40 RUS
41 RUS
42 RUS
43 RUS
40 EUR
41 EUR
42 EUR
43 EUR
44 EUR
", 760 руб. ,10 человек купили этот товар сегодня
65,https://www.lamoda.ru/p/te947amcihd6/shoes-tesoro-krossovki/,   Tesoro  Кроссовки  ,Главная -> Мужчинам -> Обувь -> Кроссовки и кеды -> Кроссовки -> Низкие кроссовки,   Материал верха:    искусственная кожа       Внутренний материал:    текстиль       Материал подошвы:    полимер       Материал стельки:    текстиль       Сезон:    демисезон       Цвет:    черный       Страна производства:    Китай       Застежка:    шнурки     Артикул TE947AMCIHD6  Подробнее ,"https://a.lmcdn.ru/product/T/E/TE947AMCIHD6_7041706_1_v1.jpg
https://a.lmcdn.ru/product/T/E/TE947AMCIHD6_7041707_2_v1.jpg
https://a.lmcdn.ru/product/T/E/TE947AMCIHD6_7041708_3_v1.jpg
https://a.lmcdn.ru/product/T/E/TE947AMCIHD6_7041709_4_v1.jpg
https://a.lmcdn.ru/product/T/E/TE947AMCIHD6_7052699_9_v1.jpg
","40 RUS
41 RUS
42 RUS
43 RUS
44 RUS
",1 287 руб.,10 человек купили этот товар сегодня
66,https://www.lamoda.ru/p/mp002xm23q6l/shoes-briotti-botinki/,   Briotti  Ботинки  ,Главная -> Мужчинам -> Обувь -> Ботинки -> Низкие ботинки,   Материал верха:    натуральная кожа       Внутренний материал:    натуральный мех       Материал подошвы:    искусственный материал       Материал стельки:    натуральный мех       Сезон:    зима       Цвет:    черный       Гарантийный период:    90 дней       Страна производства:    Россия       Застежка:    шнурки     Артикул MP002XM23Q6L  Подробнее ,"https://a.lmcdn.ru/product/M/P/MP002XM23Q6L_6871534_1_v1.jpg
https://a.lmcdn.ru/product/M/P/MP002XM23Q6L_6871535_2_v1.jpg
https://a.lmcdn.ru/product/M/P/MP002XM23Q6L_6871536_3_v1.jpg
https://a.lmcdn.ru/product/M/P/MP002XM23Q6L_6871537_4_v1.jpg
https://a.lmcdn.ru/product/M/P/MP002XM23Q6L_6872937_9_v1.jpg
","42 RUS
43 RUS
44 RUS
45 RUS
", 4 499 руб. ,1 человек купил этот товар сегодня
67,https://www.lamoda.ru/p/mp002xm245el/shoes-alessionesca-botinki/,   Alessio Nesca  Ботинки  ,Главная -> Мужчинам -> Обувь -> Ботинки -> Низкие ботинки,   Материал верха:    натуральная кожа       Внутренний материал:    натуральная кожа       Материал подошвы:    термоэластопласт       Материал стельки:    натуральная кожа       Сезон:    мульти       Цвет:    черный       Гарантийный период:    90 дней       Страна производства:    Россия       Застежка:    шнурки     Артикул MP002XM245EL  Подробнее ,"https://a.lmcdn.ru/product/M/P/MP002XM245EL_7956965_1_v1.jpg
https://a.lmcdn.ru/product/M/P/MP002XM245EL_7956966_2_v1.jpg
https://a.lmcdn.ru/product/M/P/MP002XM245EL_7956967_3_v1.jpg
https://a.lmcdn.ru/product/M/P/MP002XM245EL_7956968_4_v1.jpg
https://a.lmcdn.ru/product/M/P/MP002XM245EL_7956969_5_v1.jpg
https://a.lmcdn.ru/product/M/P/MP002XM245EL_7962475_9_v1.jpg
","40 RUS
41 RUS
42 RUS
43 RUS
44 RUS
45 RUS
", 3 499 руб. ,1 человек купил этот товар на этой неделе
68,https://www.lamoda.ru/p/fr006ambuth2/shoes-fredperry-kedy/,   Fred Perry  Кеды  ,Главная -> Мужчинам -> Обувь -> Кроссовки и кеды -> Кеды -> Низкие кеды,   Материал верха:    натуральная кожа       Внутренний материал:    текстиль       Материал подошвы:    резина       Материал стельки:    текстиль       Сезон:    демисезон       Цвет:    белый       Страна производства:    Вьетнам       Застежка:    липучки     Артикул FR006AMBUTH2  Подробнее ,"https://a.lmcdn.ru/product/F/R/FR006AMBUTH2_7209226_1_v1.jpg
https://a.lmcdn.ru/product/F/R/FR006AMBUTH2_7209227_2_v1.jpg
https://a.lmcdn.ru/product/F/R/FR006AMBUTH2_7209228_3_v1.jpg
https://a.lmcdn.ru/product/F/R/FR006AMBUTH2_7209229_4_v1.jpg
https://a.lmcdn.ru/product/F/R/FR006AMBUTH2_7238361_9_v1.jpg
","40 RUS
41,5 RUS
42,5 RUS
43,5 RUS
44,5 RUS
7 UK
8 UK
9 UK
10 UK
11 UK
", 4 390 руб. ,11 человек купили этот товар сегодня
69,https://www.lamoda.ru/p/sa219amcjfp4/shoes-saucony-krossovki/,   Saucony  Кроссовки Jazz Original Vintage ,Главная -> Мужчинам -> Обувь -> Кроссовки и кеды -> Кроссовки -> Низкие кроссовки,"   Материал верха:    натуральная замша, текстиль       Внутренний материал:    текстиль       Материал подошвы:    резина       Материал стельки:    текстиль       Сезон:    мульти       Цвет:    бордовый       Вид спорта:    спорт стиль       Страна производства:    Вьетнам       Застежка:    шнурки     Артикул SA219AMCJFP4  Подробнее ","https://a.lmcdn.ru/product/S/A/SA219AMCJFP4_7419736_1_v1.jpg
https://a.lmcdn.ru/product/S/A/SA219AMCJFP4_7419737_2_v1.jpg
https://a.lmcdn.ru/product/S/A/SA219AMCJFP4_7419738_3_v1.jpg
https://a.lmcdn.ru/product/S/A/SA219AMCJFP4_7419739_4_v1.jpg
https://a.lmcdn.ru/product/S/A/SA219AMCJFP4_7424746_9_v1.jpg
","39 RUS
39,5 RUS
40 RUS
41 RUS
41,5 RUS
42 RUS
43 RUS
43,5 RUS
44 RUS
7 US
7,5 US
8 US
8,5 US
9 US
9,5 US
10 US
10,5 US
11 US
",4 376 руб.,7 человек купили этот товар сегодня
70,https://www.lamoda.ru/p/mp002xm23q6g/shoes-alessionesca-botinki/,   Alessio Nesca  Ботинки  ,Главная -> Мужчинам -> Обувь -> Ботинки -> Высокие ботинки,"   Материал верха:    натуральная кожа       Внутренний материал:    натуральный мех       Материал подошвы:    искусственный материал       Материал стельки:    натуральный мех       Сезон:    зима       Цвет:    черный       Гарантийный период:    90 дней       Страна производства:    Россия       Застежка:    шнурки, молния     Артикул MP002XM23Q6G  Подробнее ","https://a.lmcdn.ru/product/M/P/MP002XM23Q6G_6873557_1_v1.jpg
https://a.lmcdn.ru/product/M/P/MP002XM23Q6G_6873558_2_v1.jpg
https://a.lmcdn.ru/product/M/P/MP002XM23Q6G_6873559_3_v1.jpg
https://a.lmcdn.ru/product/M/P/MP002XM23Q6G_6873560_4_v1.jpg
https://a.lmcdn.ru/product/M/P/MP002XM23Q6G_6873365_9_v1.jpg
","40 RUS
41 RUS
42 RUS
43 RUS
44 RUS
45 RUS
", 4 079 руб. ,7 человек купили этот товар сегодня
71,https://www.lamoda.ru/p/ma241amciuq2/shoes-marcolippi-tufli/,   Marco Lippi  Туфли  ,Главная -> Мужчинам -> Обувь -> Туфли -> Дерби,   Материал верха:    натуральная кожа       Внутренний материал:    натуральная кожа       Материал подошвы:    полимер       Материал стельки:    натуральная кожа       Сезон:    мульти       Цвет:    черный       Цвет фурнитуры:    черный       Страна производства:    Россия       Застежка:    шнурки     Артикул MA241AMCIUQ2  Подробнее ,"https://a.lmcdn.ru/product/M/A/MA241AMCIUQ2_7315867_1_v1.jpg
https://a.lmcdn.ru/product/M/A/MA241AMCIUQ2_7315868_2_v1.jpg
https://a.lmcdn.ru/product/M/A/MA241AMCIUQ2_7315869_3_v1.jpg
https://a.lmcdn.ru/product/M/A/MA241AMCIUQ2_7315870_4_v1.jpg
https://a.lmcdn.ru/product/M/A/MA241AMCIUQ2_7325952_9_v1.jpg
","39 RUS
42 RUS
43 RUS
44 RUS
",4 192 руб.,3 человека купили этот товар сегодня
72,https://www.lamoda.ru/p/mp002xu0e8bd/shoes-snegi-tapochki/,   Snegi  Тапочки  ,Главная -> Женщинам -> Обувь -> Домашняя обувь,   Материал верха:    шерсть       Внутренний материал:    шерсть       Материал подошвы:    каучук       Материал стельки:    шерсть       Сезон:    мульти       Цвет:    бежевый       Гарантийный период:    30 дней       Страна производства:    Россия       Застежка:    без застежки     Артикул MP002XU0E8BD  Подробнее ,"https://a.lmcdn.ru/product/M/P/MP002XU0E8BD_7771916_1_v2.jpg
https://a.lmcdn.ru/product/M/P/MP002XU0E8BD_7771920_2_v2.jpg
https://a.lmcdn.ru/product/M/P/MP002XU0E8BD_7771925_3_v2.jpg
https://a.lmcdn.ru/product/M/P/MP002XU0E8BD_7771913_4_v2.jpg
","36 RUS
37 RUS
38 RUS
41 RUS
", 2 900 руб. ,1 человек купил этот товар сегодня
73,https://www.lamoda.ru/p/ze012amfzu93/shoes-zendencollection-botinki/,   Zenden Collection  Ботинки  ,Главная -> Мужчинам -> Обувь -> Ботинки -> Высокие ботинки,   Материал верха:    натуральная кожа       Внутренний материал:    байка       Материал подошвы:    полимер       Материал стельки:    байка       Сезон:    демисезон       Цвет:    черный       Цвет фурнитуры:    черный       Гарантийный период:    30 дней       Страна производства:    Китай       Застежка:    молния     Артикул ZE012AMFZU93  Подробнее ,"https://a.lmcdn.ru/product/Z/E/ZE012AMFZU93_5083447_1_v2.jpg
https://a.lmcdn.ru/product/Z/E/ZE012AMFZU93_5083448_2_v2.jpg
https://a.lmcdn.ru/product/Z/E/ZE012AMFZU93_5083449_3_v2.jpg
https://a.lmcdn.ru/product/Z/E/ZE012AMFZU93_5083450_4_v2.jpg
https://a.lmcdn.ru/product/Z/E/ZE012AMFZU93_5122234_9_v2.jpg
","40 RUS
42 RUS
", 3 240 руб. ,4 человека купили этот товар сегодня
74,https://www.lamoda.ru/p/ju663amcxmc5/shoes-justcouture-tufli/,   Just Couture  Туфли  ,Главная -> Мужчинам -> Обувь -> Туфли -> Дерби,   Материал верха:    натуральная кожа       Внутренний материал:    натуральная кожа       Материал подошвы:    резина       Материал стельки:    натуральная кожа       Сезон:    мульти       Цвет:    синий       Страна производства:    Россия       Застежка:    шнурки     Артикул JU663AMCXMC5  Подробнее ,"https://a.lmcdn.ru/product/J/U/JU663AMCXMC5_7419184_1_v1.jpg
https://a.lmcdn.ru/product/J/U/JU663AMCXMC5_7419185_2_v1.jpg
https://a.lmcdn.ru/product/J/U/JU663AMCXMC5_7419186_3_v1.jpg
https://a.lmcdn.ru/product/J/U/JU663AMCXMC5_7419187_4_v1.jpg
https://a.lmcdn.ru/product/J/U/JU663AMCXMC5_7423605_9_v1.jpg
","41 RUS
42 RUS
",4 131 руб.,4 человека купили этот товар сегодня
75,https://www.lamoda.ru/p/he002amebzj7/shoes-hebymango-kedy/,   Mango Man  Кеды  ,Главная -> Мужчинам -> Обувь -> Кроссовки и кеды -> Кеды -> Низкие кеды,   Материал верха:    искусственная замша       Внутренний материал:    искусственная кожа       Материал подошвы:    резина       Материал стельки:    искусственная замша       Сезон:    мульти       Цвет:    синий       Страна производства:    Китай       Застежка:    шнурки     Артикул HE002AMEBZJ7  Подробнее ,"https://a.lmcdn.ru/product/H/E/HE002AMEBZJ7_7976504_1_v1.jpg
https://a.lmcdn.ru/product/H/E/HE002AMEBZJ7_7976505_2_v1.jpg
https://a.lmcdn.ru/product/H/E/HE002AMEBZJ7_7976506_3_v1.jpg
https://a.lmcdn.ru/product/H/E/HE002AMEBZJ7_7976507_4_v1.jpg
https://a.lmcdn.ru/product/H/E/HE002AMEBZJ7_7976508_5_v1.jpg
https://a.lmcdn.ru/product/H/E/HE002AMEBZJ7_7989463_9_v1.jpg
","40 RUS
41 RUS
42 RUS
43 RUS
44 RUS
45 RUS
40 EUR
41 EUR
42 EUR
43 EUR
44 EUR
45 EUR
", 3 999 руб. ,5 человек купили этот товар сегодня
76,https://www.lamoda.ru/p/ix001xm000m3/shoes-pullandbear-kedy/,   Pull&Bear  Кеды  ,Главная -> Мужчинам -> Обувь -> Кроссовки и кеды -> Кеды -> Высокие кеды,"   Материал верха:    полиуретан       Материал подошвы:    резина       Материал стельки:    хлопок       Сезон:    демисезон       Цвет:    черный       Срок годности:    не установлен       Срок службы, заявленный производителем:    не установлен       Гарантийный период:    не установлен       Страна производства:    Китай       Застежка:    шнурки     Артикул IX001XM000M3  Подробнее ","https://a.lmcdn.ru/product/I/X/IX001XM000M3_7451585_1_v1.jpeg
https://a.lmcdn.ru/product/I/X/IX001XM000M3_7451587_2_v1.jpeg
https://a.lmcdn.ru/product/I/X/IX001XM000M3_7451589_3_v1.jpeg
https://a.lmcdn.ru/product/I/X/IX001XM000M3_7451591_4_v1.jpeg
https://a.lmcdn.ru/product/I/X/IX001XM000M3_7451593_5_v1.jpeg
","40 RUS
41 RUS
42 RUS
43 RUS
44 RUS
45 RUS
40 EUR
41 EUR
42 EUR
43 EUR
44 EUR
45 EUR
", 2 599 руб. ,6 человек купили этот товар сегодня
77,https://www.lamoda.ru/p/dr004aujv665/shoes-drmartens-botinki/,   Dr. Martens  Ботинки 1460 ,Главная -> Мужчинам -> Обувь -> Ботинки -> Высокие ботинки,"   Материал верха:    натуральная кожа       Внутренний материал:    натуральная кожа       Материал подошвы:    полимер       Материал стельки:    натуральная кожа, текстиль       Сезон:    демисезон       Цвет:    синий       Гарантийный период:    30 дней       Страна производства:    Вьетнам       Застежка:    шнурки     Артикул DR004AUJV665  Подробнее ","https://a.lmcdn.ru/product/D/R/DR004AUJV665_1006122_1_v3.jpg
https://a.lmcdn.ru/product/D/R/DR004AUJV665_1006123_2_v3.jpg
https://a.lmcdn.ru/product/D/R/DR004AUJV665_1006124_3_v3.jpg
https://a.lmcdn.ru/product/D/R/DR004AUJV665_1006125_4_v3.jpg
https://a.lmcdn.ru/product/D/R/DR004AUJV665_1006126_5_v2.jpg
https://a.lmcdn.ru/product/D/R/DR004AUJV665_1006127_6_v2.jpg
https://a.lmcdn.ru/product/D/R/DR004AUJV665_1006128_7_v2.jpg
","40 RUS
43 RUS
44 RUS
41 EUR
44 EUR
45 EUR
",9 520 руб.,22 человека купили этот товар сегодня
78,https://www.lamoda.ru/p/sa815ammdj26/shoes-salamander-botinki/,   Salamander  Ботинки  ,Главная -> Мужчинам -> Обувь -> Ботинки -> Низкие ботинки,   Материал верха:    натуральная кожа       Внутренний материал:    текстиль       Материал подошвы:    полимер       Материал стельки:    натуральная кожа       Сезон:    демисезон       Цвет:    черный       Гарантийный период:    30 дней       Страна производства:    Италия       Застежка:    шнурки     Артикул SA815AMMDJ26  Подробнее ,"https://a.lmcdn.ru/product/S/A/SA815AMMDJ26_3857881_1_v2.jpg
https://a.lmcdn.ru/product/S/A/SA815AMMDJ26_3857882_2_v2.jpg
https://a.lmcdn.ru/product/S/A/SA815AMMDJ26_3857883_3_v2.jpg
https://a.lmcdn.ru/product/S/A/SA815AMMDJ26_3857884_4_v2.jpg
","40 RUS
41 RUS
42 RUS
43 RUS
44 RUS
40 EUR
41 EUR
42 EUR
43 EUR
44 EUR
", 5 170 руб. ,5 человек купили этот товар сегодня
79,https://www.lamoda.ru/p/mp002xm23t6o/shoes-pierrecardin-botinki/,   Pierre Cardin  Ботинки  ,Главная -> Мужчинам -> Обувь -> Ботинки -> Высокие ботинки,"   Материал верха:    натуральная кожа       Внутренний материал:    натуральный мех       Материал подошвы:    резина       Материал стельки:    натуральный мех       Сезон:    зима       Цвет:    черный       Цвет фурнитуры:    серебряный       Гарантийный период:    90 дней       Страна производства:    Китай       Застежка:    шнурки, молния     Артикул MP002XM23T6O  Подробнее ","https://a.lmcdn.ru/product/M/P/MP002XM23T6O_7535515_1_v1.jpg
https://a.lmcdn.ru/product/M/P/MP002XM23T6O_7535516_2_v1.jpg
https://a.lmcdn.ru/product/M/P/MP002XM23T6O_7535517_3_v1.jpg
https://a.lmcdn.ru/product/M/P/MP002XM23T6O_7535518_4_v1.jpg
https://a.lmcdn.ru/product/M/P/MP002XM23T6O_7539254_9_v1.jpg
","40 RUS
41 RUS
42 RUS
43 RUS
45 RUS
", 3 999 руб. ,2 человека купили этот товар сегодня
80,https://www.lamoda.ru/p/mp002xm23sva/shoes-zain-krossovki/,   Zain  Кроссовки  ,Главная -> Мужчинам -> Обувь -> Кроссовки и кеды -> Кроссовки -> Высокие кроссовки,"   Материал верха:    натуральная кожа       Внутренний материал:    натуральный мех       Материал подошвы:    термопластиковая резина       Материал стельки:    натуральный мех       Сезон:    зима       Цвет:    синий       Цвет фурнитуры:    бронзовый       Гарантийный период:    90 дней       Страна производства:    Россия       Застежка:    шнурки, молния     Артикул MP002XM23SVA  Подробнее ","https://a.lmcdn.ru/product/M/P/MP002XM23SVA_7199171_1_v1.jpg
https://a.lmcdn.ru/product/M/P/MP002XM23SVA_7199172_2_v1.jpg
https://a.lmcdn.ru/product/M/P/MP002XM23SVA_7199173_3_v1.jpg
https://a.lmcdn.ru/product/M/P/MP002XM23SVA_7199174_4_v1.jpg
https://a.lmcdn.ru/product/M/P/MP002XM23SVA_7209592_9_v1.jpg
","40 RUS
41 RUS
42 RUS
43 RUS
44 RUS
45 RUS
", 3 999 руб. ,3 человека купили этот товар на этой неделе
81,https://www.lamoda.ru/p/as009amdrkk5/shoes-asicstiger-krossovki/,   ASICSTiger  Кроссовки GELSAGA ,Главная -> Мужчинам -> Обувь -> Кроссовки и кеды -> Кроссовки -> Низкие кроссовки,"   Материал верха:    искусственная кожа, текстиль       Внутренний материал:    текстиль       Материал подошвы:    резина       Материал стельки:    текстиль       Сезон:    мульти       Цвет:    черный       Вид спорта:    спорт стиль       Страна производства:    Вьетнам       Застежка:    шнурки     Артикул AS009AMDRKK5  Подробнее ","https://a.lmcdn.ru/product/A/S/AS009AMDRKK5_7871399_1_v1.jpg
https://a.lmcdn.ru/product/A/S/AS009AMDRKK5_7871400_2_v1.jpg
https://a.lmcdn.ru/product/A/S/AS009AMDRKK5_7871401_3_v1.jpg
https://a.lmcdn.ru/product/A/S/AS009AMDRKK5_7871402_4_v1.jpg
https://a.lmcdn.ru/product/A/S/AS009AMDRKK5_7871403_5_v1.jpg
https://a.lmcdn.ru/product/A/S/AS009AMDRKK5_7895359_9_v1.jpg
","37,5 RUS
38 RUS
39 RUS
39,5 RUS
40 RUS
41 RUS
41,5 RUS
6 US
6,5 US
7 US
7,5 US
8 US
8,5 US
9 US
", 8 490 руб. ,2 человека купили этот товар на этой неделе
82,https://www.lamoda.ru/p/ni464ambxf07/shoes-nike-botinki/,   Nike  Ботинки Men's Nike Hoodland Suede Shoe Men's Shoe ,Главная -> Мужчинам -> Спорт -> Все спортивные товары -> Обувь -> Ботинки,   Материал верха:    спилок       Внутренний материал:    текстиль       Материал подошвы:    искусственный материал       Материал стельки:    текстиль       Сезон:    демисезон       Цвет:    коричневый       Вид спорта:    спорт стиль       Гарантийный период:    30 дней       Страна производства:    Вьетнам       Застежка:    шнурки     Артикул NI464AMBXF07  Подробнее ,"https://a.lmcdn.ru/product/N/I/NI464AMBXF07_1934265_1_v2.jpg
https://a.lmcdn.ru/product/N/I/NI464AMBXF07_1934266_2_v2.jpg
https://a.lmcdn.ru/product/N/I/NI464AMBXF07_1934267_3_v2.jpg
https://a.lmcdn.ru/product/N/I/NI464AMBXF07_1934268_4_v2.jpg
https://a.lmcdn.ru/product/N/I/NI464AMBXF07_1934269_5_v2.jpg
https://a.lmcdn.ru/product/N/I/NI464AMBXF07_1934270_6_v2.jpg
https://a.lmcdn.ru/product/N/I/NI464AMBXF07_1934271_7_v2.jpg
","37,5 RUS
38 RUS
39 RUS
39,5 RUS
40 RUS
41 RUS
41,5 RUS
42 RUS
43,5 RUS
44 RUS
44,5 RUS
6 US
6,5 US
7 US
7,5 US
8 US
8,5 US
9 US
9,5 US
10,5 US
11 US
11,5 US
", 4 540 руб. ,2 человека купили этот товар сегодня
83,https://www.lamoda.ru/p/di026aucsqf2/shoes-diadora-krossovki/,   Diadora  Кроссовки  ,Главная -> Женщинам -> Обувь -> Кроссовки и кеды -> Кроссовки -> Низкие кроссовки,   Материал верха:    искусственная кожа       Внутренний материал:    текстиль       Материал подошвы:    резина       Материал стельки:    текстиль       Сезон:    демисезон       Цвет:    белый       Страна производства:    Китай       Застежка:    шнурки     Артикул DI026AUCSQF2  Подробнее ,"https://a.lmcdn.ru/product/D/I/DI026AUCSQF2_7586722_1_v1.jpg
https://a.lmcdn.ru/product/D/I/DI026AUCSQF2_7586723_2_v1.jpg
https://a.lmcdn.ru/product/D/I/DI026AUCSQF2_7586724_3_v1.jpg
https://a.lmcdn.ru/product/D/I/DI026AUCSQF2_7586725_4_v1.jpg
","37 RUS
37,5 RUS
41 RUS
42 RUS
43 RUS
43,5 RUS
5 UK
5,5 UK
8 UK
9 UK
9,5 UK
10 UK
", 3 170 руб. ,3 человека купили этот товар сегодня
84,https://www.lamoda.ru/p/mp002xm245ee/shoes-alessionesca-kedy/,   Alessio Nesca  Кеды  ,Главная -> Мужчинам -> Обувь -> Кроссовки и кеды -> Кеды -> Низкие кеды,   Материал верха:    натуральная кожа       Внутренний материал:    натуральная кожа       Материал подошвы:    термоэластопласт       Материал стельки:    натуральная кожа       Сезон:    демисезон       Цвет:    хаки       Гарантийный период:    30 дней       Страна производства:    Россия       Застежка:    шнурки     Артикул MP002XM245EE  Подробнее ,"https://a.lmcdn.ru/product/M/P/MP002XM245EE_7956622_1_v1.jpg
https://a.lmcdn.ru/product/M/P/MP002XM245EE_7956623_2_v1.jpg
https://a.lmcdn.ru/product/M/P/MP002XM245EE_7956624_3_v1.jpg
https://a.lmcdn.ru/product/M/P/MP002XM245EE_7956625_4_v1.jpg
https://a.lmcdn.ru/product/M/P/MP002XM245EE_7956626_5_v1.jpg
https://a.lmcdn.ru/product/M/P/MP002XM245EE_7962468_9_v1.jpg
","40 RUS
41 RUS
42 RUS
43 RUS
44 RUS
45 RUS
", 3 499 руб. ,2 человека купили этот товар сегодня
85,https://www.lamoda.ru/p/mp002xm245es/shoes-alessionesca-slipony/,   Alessio Nesca  Слипоны  ,Главная -> Мужчинам -> Обувь -> Слипоны,   Материал верха:    натуральный нубук       Внутренний материал:    натуральная кожа       Материал подошвы:    полиуретан       Материал стельки:    натуральная кожа       Сезон:    демисезон       Цвет:    синий       Комплектация:    Ботинки       Гарантийный период:    30 дней       Страна производства:    Россия       Застежка:    молния     Артикул MP002XM245ES  Подробнее ,"https://a.lmcdn.ru/product/M/P/MP002XM245ES_7956672_1_v1.jpg
https://a.lmcdn.ru/product/M/P/MP002XM245ES_7956673_2_v1.jpg
https://a.lmcdn.ru/product/M/P/MP002XM245ES_7956674_3_v1.jpg
https://a.lmcdn.ru/product/M/P/MP002XM245ES_7956675_4_v1.jpg
https://a.lmcdn.ru/product/M/P/MP002XM245ES_7956676_5_v1.jpg
https://a.lmcdn.ru/product/M/P/MP002XM245ES_7962480_9_v1.jpg
","39 RUS
40 RUS
41 RUS
42 RUS
43 RUS
44 RUS
", 3 499 руб. ,12 человек просматривали этот товар сегодня
86,https://www.lamoda.ru/p/mp002xu0e6tv/shoes-fwdlab-krossovki/,   FWD lab  Кроссовки  ,Главная -> Женщинам -> Обувь -> Кроссовки и кеды -> Кроссовки -> Низкие кроссовки,   Материал верха:    искусственный нубук       Внутренний материал:    искусственный нубук       Материал подошвы:    резина       Материал стельки:    текстиль       Сезон:    мульти       Цвет:    бордовый       Гарантийный период:    30 дней       Страна производства:    Китай       Застежка:    шнурки     Артикул MP002XU0E6TV  Подробнее ,"https://a.lmcdn.ru/product/M/P/MP002XU0E6TV_7577622_1_v1.jpg
https://a.lmcdn.ru/product/M/P/MP002XU0E6TV_7577623_2_v1.jpg
https://a.lmcdn.ru/product/M/P/MP002XU0E6TV_7577624_3_v1.jpg
https://a.lmcdn.ru/product/M/P/MP002XU0E6TV_7577625_4_v1.jpg
https://a.lmcdn.ru/product/M/P/MP002XU0E6TV_7588521_9_v1.jpg
","38 RUS
39 RUS
40 RUS
41 RUS
42 RUS
43 RUS
",3 920 руб.,2 человека купили этот товар сегодня
87,https://www.lamoda.ru/p/mp002xm244cj/shoes-ttaccardibykari-kedy/,   T.Taccardi  Кеды  ,Главная -> Мужчинам -> Обувь -> Кроссовки и кеды -> Кеды -> Низкие кеды,   Материал верха:    текстиль       Внутренний материал:    текстиль       Материал подошвы:    термопластиковая резина       Материал стельки:    текстиль       Сезон:    демисезон       Цвет:    серый       Комплектация:    Ботинки       Гарантийный период:    30 дней       Страна производства:    Китай       Застежка:    шнурки     Артикул MP002XM244CJ  Подробнее ,"https://a.lmcdn.ru/product/M/P/MP002XM244CJ_7922470_1_v1.jpg
https://a.lmcdn.ru/product/M/P/MP002XM244CJ_7922471_2_v1.jpg
https://a.lmcdn.ru/product/M/P/MP002XM244CJ_7922472_3_v1.jpg
https://a.lmcdn.ru/product/M/P/MP002XM244CJ_7922473_4_v1.jpg
https://a.lmcdn.ru/product/M/P/MP002XM244CJ_7922474_5_v1.jpg
https://a.lmcdn.ru/product/M/P/MP002XM244CJ_7924184_9_v1.jpg
","40 RUS
41 RUS
42 RUS
43 RUS
44 RUS
45 RUS
", 1 799 руб. ,5 человек купили этот товар на этой неделе
88,https://www.lamoda.ru/p/mp002xm24572/shoes-ttaccardibykari-kedy/,   T.Taccardi  Кеды  ,Главная -> Мужчинам -> Обувь -> Кроссовки и кеды -> Кеды -> Низкие кеды,   Материал верха:    текстиль       Внутренний материал:    текстиль       Материал подошвы:    каучук       Материал стельки:    текстиль       Сезон:    демисезон       Цвет:    синий       Гарантийный период:    30 дней       Страна производства:    Китай       Застежка:    шнурки     Артикул MP002XM24572  Подробнее ,"https://a.lmcdn.ru/product/M/P/MP002XM24572_7956417_1_v1.jpg
https://a.lmcdn.ru/product/M/P/MP002XM24572_7956418_2_v1.jpg
https://a.lmcdn.ru/product/M/P/MP002XM24572_7956419_3_v1.jpg
https://a.lmcdn.ru/product/M/P/MP002XM24572_7956420_4_v1.jpg
https://a.lmcdn.ru/product/M/P/MP002XM24572_7956421_5_v1.jpg
https://a.lmcdn.ru/product/M/P/MP002XM24572_7962423_9_v1.jpg
","40 RUS
41 RUS
42 RUS
43 RUS
45 RUS
", 1 799 руб. ,2 человека купили этот товар на этой неделе
89,https://www.lamoda.ru/p/mp002xm0yjt3/shoes-sairus-lofery/,   Sairus  Лоферы  ,Главная -> Мужчинам -> Обувь -> Туфли -> Лоферы,   Материал верха:    натуральная кожа       Внутренний материал:    натуральная кожа       Материал подошвы:    полимер       Материал стельки:    натуральная кожа       Сезон:    лето       Цвет:    черный       Гарантийный период:    90 дней       Страна производства:    Россия       Застежка:    без застежки     Артикул MP002XM0YJT3  Подробнее ,"https://a.lmcdn.ru/product/M/P/MP002XM0YJT3_6716216_1_v1.jpg
https://a.lmcdn.ru/product/M/P/MP002XM0YJT3_6716217_2_v1.jpg
https://a.lmcdn.ru/product/M/P/MP002XM0YJT3_6716218_3_v1.jpg
https://a.lmcdn.ru/product/M/P/MP002XM0YJT3_6716219_4_v1.jpg
https://a.lmcdn.ru/product/M/P/MP002XM0YJT3_6723498_9_v1.jpg
","40 RUS
42 RUS
", 1 999 руб. ,2 человека купили этот товар сегодня
90,https://www.lamoda.ru/p/di303amdjps1/shoes-diesel-krossovki/,   Diesel  Кроссовки  ,Главная -> Мужчинам -> Обувь -> Кроссовки и кеды -> Кроссовки -> Высокие кроссовки,"   Материал верха:    текстиль       Внутренний материал:    текстиль       Материал подошвы:    искусственный материал       Материал стельки:    текстиль       Сезон:    лето, демисезон       Цвет:    белый       Страна производства:    Вьетнам       Застежка:    без застежки     Артикул DI303AMDJPS1  Подробнее ","https://a.lmcdn.ru/product/D/I/DI303AMDJPS1_7844501_1_v1.jpg
https://a.lmcdn.ru/product/D/I/DI303AMDJPS1_7844502_2_v1.jpg
https://a.lmcdn.ru/product/D/I/DI303AMDJPS1_7844503_3_v1.jpg
https://a.lmcdn.ru/product/D/I/DI303AMDJPS1_7844504_4_v1.jpg
https://a.lmcdn.ru/product/D/I/DI303AMDJPS1_7844505_5_v1.jpg
https://a.lmcdn.ru/product/D/I/DI303AMDJPS1_7881387_9_v1.jpg
","39 RUS
40 RUS
41 RUS
42 RUS
44 RUS
40 EUR
41 EUR
42 EUR
43 EUR
45 EUR
", 19 399 руб. ,2 человека купили этот товар на этой неделе
91,https://www.lamoda.ru/p/st979amcrgb0/shoes-strobbs-botinki/,   Strobbs  Ботинки  ,Главная -> Мужчинам -> Обувь -> Ботинки -> Высокие ботинки,   Материал верха:    натуральный нубук       Внутренний материал:    натуральный мех       Материал подошвы:    резина       Материал стельки:    натуральный мех       Сезон:    зима       Цвет:    черный       Страна производства:    Китай       Застежка:    шнурки     Артикул ST979AMCRGB0  Подробнее ,"https://a.lmcdn.ru/product/S/T/ST979AMCRGB0_7459472_1_v1.jpg
https://a.lmcdn.ru/product/S/T/ST979AMCRGB0_7459473_2_v1.jpg
https://a.lmcdn.ru/product/S/T/ST979AMCRGB0_7459474_3_v1.jpg
https://a.lmcdn.ru/product/S/T/ST979AMCRGB0_7459475_4_v1.jpg
https://a.lmcdn.ru/product/S/T/ST979AMCRGB0_7460519_9_v1.jpg
","42 RUS
44 RUS
",2 696 руб.,7 человек купили этот товар сегодня
92,https://www.lamoda.ru/p/to052ambhpv1/shoes-tommyjeans-kedy/,   Tommy Jeans  Кеды  ,Главная -> Мужчинам -> Обувь -> Кроссовки и кеды -> Кеды -> Высокие кеды,   Материал верха:    натуральная замша       Внутренний материал:    текстиль       Материал подошвы:    резина       Материал стельки:    текстиль       Сезон:    демисезон       Цвет:    черный       Страна производства:    Вьетнам       Застежка:    шнурки     Артикул TO052AMBHPV1  Подробнее ,"https://a.lmcdn.ru/product/T/O/TO052AMBHPV1_7389859_1_v1.jpg
https://a.lmcdn.ru/product/T/O/TO052AMBHPV1_7389860_2_v1.jpg
https://a.lmcdn.ru/product/T/O/TO052AMBHPV1_7389861_3_v1.jpg
https://a.lmcdn.ru/product/T/O/TO052AMBHPV1_7389862_4_v1.jpg
https://a.lmcdn.ru/product/T/O/TO052AMBHPV1_7398655_9_v1.jpg
","39 RUS
40 RUS
41 RUS
42 RUS
44 RUS
40 EUR
41 EUR
42 EUR
43 EUR
45 EUR
", 5 090 руб. ,5 человек купили этот товар сегодня
93,https://www.lamoda.ru/p/ug174amcvm82/shoes-ugg-botinki/,   UGG  Ботинки M Neumel ,Главная -> Мужчинам -> Premium -> Обувь -> Ботинки -> Высокие ботинки,   Материал верха:    спилок       Внутренний материал:    шерстяной мех       Материал подошвы:    микропора       Материал стельки:    шерстяной мех       Сезон:    зима       Цвет:    черный       Гарантийный период:    30 дней       Страна производства:    Китай       Застежка:    шнурки     Артикул UG174AMCVM82  Подробнее ,"https://a.lmcdn.ru/product/U/G/UG174AMCVM82_1997882_1_v2.jpg
https://a.lmcdn.ru/product/U/G/UG174AMCVM82_1997883_2_v2.jpg
https://a.lmcdn.ru/product/U/G/UG174AMCVM82_1997884_3_v2.jpg
https://a.lmcdn.ru/product/U/G/UG174AMCVM82_1997885_4_v2.jpg
https://a.lmcdn.ru/product/U/G/UG174AMCVM82_7527593_5_v1.jpg
","43 RUS
44 RUS
45 RUS
10 US
11 US
12 US
", 14 899 руб. ,8 человек купили этот товар сегодня
94,https://www.lamoda.ru/p/so045aubesw3/shoes-solemate-propitka/,   Solemate  Пропитка грязе- и водоотталкивающая ,Главная -> Мужчинам -> Обувь -> Уход за обувью,   Объем (мл):    100       Сезон:    мульти       Цвет:    прозрачный       Годен до:    01.01.2020       Страна производства:    Россия       Застежка:    без застежки     Артикул SO045AUBESW3  Подробнее ,"https://a.lmcdn.ru/product/S/O/SO045AUBESW3_6533011_1_v3.jpg
https://a.lmcdn.ru/product/S/O/SO045AUBESW3_7821717_2_v1.jpg
",, 949 руб. ,5 человек купили этот товар сегодня
95,https://www.lamoda.ru/p/mp002xm23swd/shoes-g19sportnonstop-krossovki/,   G19 Sport Non Stop  Кроссовки  ,Главная -> Мужчинам -> Обувь -> Кроссовки и кеды -> Кроссовки -> Низкие кроссовки,"   Материал верха:    искусственный нубук, текстиль       Внутренний материал:    текстиль       Материал подошвы:    филон       Материал стельки:    текстиль       Сезон:    демисезон       Цвет:    черный       Гарантийный период:    90 дней       Страна производства:    Китай       Застежка:    шнурки     Артикул MP002XM23SWD  Подробнее ","https://a.lmcdn.ru/product/M/P/MP002XM23SWD_7011076_1_v1.jpg
https://a.lmcdn.ru/product/M/P/MP002XM23SWD_7011077_2_v1.jpg
https://a.lmcdn.ru/product/M/P/MP002XM23SWD_7011078_3_v1.jpg
https://a.lmcdn.ru/product/M/P/MP002XM23SWD_7011079_4_v1.jpg
https://a.lmcdn.ru/product/M/P/MP002XM23SWD_7017738_9_v1.jpg
","40 RUS
42 RUS
43 RUS
45 RUS
", 1 799 руб. ,5 человек купили этот товар на этой неделе
96,https://www.lamoda.ru/p/ra084amlcb89/shoes-ralfringer-botinki/,   Ralf Ringer  Ботинки  ,Главная -> Мужчинам -> Обувь -> Ботинки -> Высокие ботинки,"   Материал верха:    натуральная кожа       Внутренний материал:    шерстяной мех       Материал подошвы:    полимер       Материал стельки:    шерстяной мех       Сезон:    зима, демисезон       Цвет:    коричневый       Цвет фурнитуры:    бронзовый       Гарантийный период:    30 дней       Страна производства:    Россия       Застежка:    шнурки     Артикул RA084AMLCB89  Подробнее ","https://a.lmcdn.ru/product/R/A/RA084AMLCB89_4039866_1_v2.jpg
https://a.lmcdn.ru/product/R/A/RA084AMLCB89_4039867_2_v2.jpg
https://a.lmcdn.ru/product/R/A/RA084AMLCB89_4039868_3_v2.jpg
https://a.lmcdn.ru/product/R/A/RA084AMLCB89_4039869_4_v2.jpg
https://a.lmcdn.ru/product/R/A/RA084AMLCB89_4074462_9_v2.jpg
","42 RUS
43 RUS
44 RUS
", 5 590 руб. ,2 человека купили этот товар сегодня
97,https://www.lamoda.ru/p/to052ambhpx0/shoes-tommyjeans-botinki/,   Tommy Jeans  Ботинки  ,Главная -> Мужчинам -> Обувь -> Ботинки -> Высокие ботинки,"   Материал верха:    натуральная замша, хлопок       Внутренний материал:    текстиль       Материал подошвы:    резина       Материал стельки:    натуральная кожа       Сезон:    демисезон       Цвет:    бежевый       Цвет фурнитуры:    серебряный       Страна производства:    Португалия       Застежка:    шнурки     Артикул TO052AMBHPX0  Подробнее ","https://a.lmcdn.ru/product/T/O/TO052AMBHPX0_7051886_1_v1.jpg
https://a.lmcdn.ru/product/T/O/TO052AMBHPX0_7051887_2_v1.jpg
https://a.lmcdn.ru/product/T/O/TO052AMBHPX0_7051888_3_v1.jpg
https://a.lmcdn.ru/product/T/O/TO052AMBHPX0_7051889_4_v1.jpg
https://a.lmcdn.ru/product/T/O/TO052AMBHPX0_7052715_9_v2.jpg
","39 RUS
40 RUS
41 RUS
42 RUS
43 RUS
44 RUS
40 EUR
41 EUR
42 EUR
43 EUR
44 EUR
45 EUR
", 5 990 руб. ,4 человека купили этот товар сегодня
98,https://www.lamoda.ru/p/pu053aucjoy2/shoes-puma-kedy/,   PUMA  Кеды  ,Главная -> Мужчинам -> Спорт -> Все спортивные товары -> Обувь -> Кеды,"   Материал верха:    искусственная кожа, натуральная кожа       Внутренний материал:    текстиль       Материал подошвы:    резина       Материал стельки:    текстиль       Сезон:    демисезон       Цвет:    серый       Вид спорта:    спорт стиль       Страна производства:    Китай       Застежка:    шнурки     Артикул PU053AUCJOY2  Подробнее ","https://a.lmcdn.ru/product/P/U/PU053AUCJOY2_7756128_1_v1.jpg
https://a.lmcdn.ru/product/P/U/PU053AUCJOY2_7756129_2_v1.jpg
https://a.lmcdn.ru/product/P/U/PU053AUCJOY2_7756130_3_v1.jpg
https://a.lmcdn.ru/product/P/U/PU053AUCJOY2_7756131_4_v1.jpg
https://a.lmcdn.ru/product/P/U/PU053AUCJOY2_7759664_9_v1.jpg
","36 RUS
36,5 RUS
37 RUS
37,5 RUS
38 RUS
39 RUS
39,5 RUS
40 RUS
41 RUS
41,5 RUS
42 RUS
43 RUS
43,5 RUS
45 RUS
4 UK
4,5 UK
5 UK
5,5 UK
6 UK
6,5 UK
7 UK
7,5 UK
8 UK
8,5 UK
9 UK
9,5 UK
10 UK
11 UK
",3 512 руб.,6 человек купили этот товар сегодня
99,https://www.lamoda.ru/p/sa815ambc543/shoes-salamander-botinki/,   Salamander  Ботинки  ,Главная -> Мужчинам -> Обувь -> Ботинки -> Высокие ботинки,   Материал верха:    натуральная кожа       Внутренний материал:    натуральный мех       Материал подошвы:    резина       Материал стельки:    натуральный мех       Сезон:    зима       Цвет:    коричневый       Цвет фурнитуры:    в тон изделия       Страна производства:    Россия       Застежка:    молния     Артикул SA815AMBC543  Подробнее ,"https://a.lmcdn.ru/product/S/A/SA815AMBC543_7457562_1_v1.jpg
https://a.lmcdn.ru/product/S/A/SA815AMBC543_7457563_2_v1.jpg
https://a.lmcdn.ru/product/S/A/SA815AMBC543_7457564_3_v1.jpg
https://a.lmcdn.ru/product/S/A/SA815AMBC543_7457565_4_v1.jpg
https://a.lmcdn.ru/product/S/A/SA815AMBC543_7465302_9_v1.jpg
","40 RUS
41 RUS
42 RUS
44 RUS
40 EUR
41 EUR
42 EUR
44 EUR
", 6 150 руб. ,6 человек купили этот товар сегодня
100,https://www.lamoda.ru/p/mp002xm23w0s/shoes-alessionesca-tufli/,   Alessio Nesca  Туфли  ,Главная -> Мужчинам -> Обувь -> Туфли -> Дерби,"   Материал верха:    натуральная кожа       Внутренний материал:    текстиль, натуральная кожа       Материал подошвы:    термопластиковая резина       Материал стельки:    текстиль, натуральная кожа       Сезон:    мульти       Цвет:    черный       Гарантийный период:    90 дней       Страна производства:    Турция       Застежка:    шнурки     Артикул MP002XM23W0S  Подробнее ","https://a.lmcdn.ru/product/M/P/MP002XM23W0S_7239496_1_v1.jpg
https://a.lmcdn.ru/product/M/P/MP002XM23W0S_7239497_2_v1.jpg
https://a.lmcdn.ru/product/M/P/MP002XM23W0S_7239498_3_v1.jpg
https://a.lmcdn.ru/product/M/P/MP002XM23W0S_7239499_4_v1.jpg
https://a.lmcdn.ru/product/M/P/MP002XM23W0S_7246245_9_v1.jpg
","40 RUS
41 RUS
42 RUS
43 RUS
44 RUS
", 2 999 руб. ,6 человек купили этот товар сегодня
101,https://www.lamoda.ru/p/mp002xm23sru/shoes-pierrecardin-botinki/,   Pierre Cardin  Ботинки  ,Главная -> Мужчинам -> Обувь -> Ботинки -> Высокие ботинки,"   Материал верха:    натуральная кожа       Внутренний материал:    текстиль       Материал подошвы:    резина       Материал стельки:    текстиль       Сезон:    демисезон       Цвет:    черный       Гарантийный период:    90 дней       Страна производства:    Турция       Застежка:    шнурки, молния     Артикул MP002XM23SRU  Подробнее ","https://a.lmcdn.ru/product/M/P/MP002XM23SRU_7280817_1_v1.jpg
https://a.lmcdn.ru/product/M/P/MP002XM23SRU_7280818_2_v1.jpg
https://a.lmcdn.ru/product/M/P/MP002XM23SRU_7280819_3_v1.jpg
https://a.lmcdn.ru/product/M/P/MP002XM23SRU_7280820_4_v1.jpg
https://a.lmcdn.ru/product/M/P/MP002XM23SRU_7293714_9_v1.jpg
","40 RUS
42 RUS
43 RUS
44 RUS
45 RUS
", 2 999 руб. ,4 человека купили этот товар сегодня
